X,Y,fid,OBJECTID,HISTORYCZN,NUM_SLUP,NUM_EKSP_S,TYP,NAZW_STAC,FUNKCJA_SL,layer,path,icon_url
19.0159129176097,49.8205316555496,"5","2669201",,BBB040647,,ŻN-10,,Rozgałęźno-przelotowo-krańcowy,PW1C Slupy TD przyciete,C:/Projekty/PW1C 11-12/PW1C 11-12.gpkg|layername=PW1C Slupy TD przyciete,./0.png
19.0012953018353,49.8198751189141,"9","2554190",3/III,BBB021019,,ŻN-10,,Przelotowy,PW1C Slupy TD przyciete,C:/Projekty/PW1C 11-12/PW1C 11-12.gpkg|layername=PW1C Slupy TD przyciete,./0.png
19.0031219830313,49.8220161693584,"12","2554196",13/I,BBB021025,,ŻN-10,,Rozgałęźno-przelotowo-krańcowy,PW1C Slupy TD przyciete,C:/Projekty/PW1C 11-12/PW1C 11-12.gpkg|layername=PW1C Slupy TD przyciete,./0.png
19.0036340567731,49.8221512596022,"13","2554199",14/I,BBB021028,,ŻN-10,,Przelotowy,PW1C Slupy TD przyciete,C:/Projekty/PW1C 11-12/PW1C 11-12.gpkg|layername=PW1C Slupy TD przyciete,./0.png
18.9987373471747,49.8203213987833,"14","2553850",2/I,BBB020967,,ŻN-10,,Przelotowy,PW1C Slupy TD przyciete,C:/Projekty/PW1C 11-12/PW1C 11-12.gpkg|layername=PW1C Slupy TD przyciete,./0.png
18.9984425157421,49.8201656320359,"15","2553851",1/I,BBB020968,,ŻN-10,,Krańcowy,PW1C Slupy TD przyciete,C:/Projekty/PW1C 11-12/PW1C 11-12.gpkg|layername=PW1C Slupy TD przyciete,./0.png
19.0017246933988,49.8217134390451,"22","2554162",10/I,BBB020991,,ŻN-10,,Przelotowy,PW1C Slupy TD przyciete,C:/Projekty/PW1C 11-12/PW1C 11-12.gpkg|layername=PW1C Slupy TD przyciete,./0.png
19.0012181347103,49.8215797673661,"23","2554163",9/I,BBB020992,,ŻN-10,,Przelotowy,PW1C Slupy TD przyciete,C:/Projekty/PW1C 11-12/PW1C 11-12.gpkg|layername=PW1C Slupy TD przyciete,./0.png
19.000470362331,49.8215435504664,"24","2554164",1/II,BBB020993,,ŻN-10,,Przelotowy,PW1C Slupy TD przyciete,C:/Projekty/PW1C 11-12/PW1C 11-12.gpkg|layername=PW1C Slupy TD przyciete,./0.png
19.0007427330047,49.8214108289266,"25","2554165",8/I,BBB020994,,ŻN-10,,Krańcowy,PW1C Slupy TD przyciete,C:/Projekty/PW1C 11-12/PW1C 11-12.gpkg|layername=PW1C Slupy TD przyciete,./0.png
19.0003320941793,49.8212565164795,"26","2554166",7/I,BBB020995,,ŻN-10,,Narożny,PW1C Slupy TD przyciete,C:/Projekty/PW1C 11-12/PW1C 11-12.gpkg|layername=PW1C Slupy TD przyciete,./0.png
19.0022641533371,49.821837787379,"28","2554161",11/I,BBB020990,,ŻN-10,,Przelotowy,PW1C Slupy TD przyciete,C:/Projekty/PW1C 11-12/PW1C 11-12.gpkg|layername=PW1C Slupy TD przyciete,./0.png
19.0020453030197,49.8180899966586,"30","2554179",,BBB021008,,ŻN-10,,Narożny,PW1C Slupy TD przyciete,C:/Projekty/PW1C 11-12/PW1C 11-12.gpkg|layername=PW1C Slupy TD przyciete,./0.png
19.0022223427725,49.8182901577401,"31","2554181",8/III,BBB021010,,ŻN-10,,Rozgałęźno-narożno-krańcowy,PW1C Slupy TD przyciete,C:/Projekty/PW1C 11-12/PW1C 11-12.gpkg|layername=PW1C Slupy TD przyciete,./0.png
19.0000629127929,49.8210612479171,"33","2554167",6/I,BBB020996,,ŻN-10,,Rozgałęźno-krańcowo-przelotowy,PW1C Slupy TD przyciete,C:/Projekty/PW1C 11-12/PW1C 11-12.gpkg|layername=PW1C Slupy TD przyciete,./0.png
19.000273014319,49.8207354654301,"34","2554168",17/I,BBB020997,,ŻN-10,,Krańcowy,PW1C Slupy TD przyciete,C:/Projekty/PW1C 11-12/PW1C 11-12.gpkg|layername=PW1C Slupy TD przyciete,./0.png
18.9992684914359,49.8201119725103,"40","2554154",15/I,BBB020983,,ŻN,,Przelotowy,PW1C Slupy TD przyciete,C:/Projekty/PW1C 11-12/PW1C 11-12.gpkg|layername=PW1C Slupy TD przyciete,./0.png
18.9992655743662,49.8205776035845,"41","2554156",4/I,BBB020985,,ŻN-10,,Przelotowy,PW1C Slupy TD przyciete,C:/Projekty/PW1C 11-12/PW1C 11-12.gpkg|layername=PW1C Slupy TD przyciete,./0.png
18.9996513372833,49.8207937811624,"42","2554157",5/I,BBB020986,,ŻN-10,,Przelotowy,PW1C Slupy TD przyciete,C:/Projekty/PW1C 11-12/PW1C 11-12.gpkg|layername=PW1C Slupy TD przyciete,./0.png
19.0079193568025,49.8233091879987,"44","2361727",,BBB284157,,Drewniany,,Narożny,PW1C Slupy TD przyciete,C:/Projekty/PW1C 11-12/PW1C 11-12.gpkg|layername=PW1C Slupy TD przyciete,./0.png
19.0073428783524,49.82332587114,"45","2361728",,BBB284159,,Drewniany,,Narożny,PW1C Slupy TD przyciete,C:/Projekty/PW1C 11-12/PW1C 11-12.gpkg|layername=PW1C Slupy TD przyciete,./0.png
19.0068116923602,49.8232051790933,"46","2361731",,BBB284164,,ŻN-10,,Narożny,PW1C Slupy TD przyciete,C:/Projekty/PW1C 11-12/PW1C 11-12.gpkg|layername=PW1C Slupy TD przyciete,./0.png
19.0045515929131,49.8221177201424,"52","2361709",,BBB284132,,ŻN-10,,Przelotowy,PW1C Slupy TD przyciete,C:/Projekty/PW1C 11-12/PW1C 11-12.gpkg|layername=PW1C Slupy TD przyciete,./0.png
19.004814268887,49.8225479596795,"55","2361713",,BBB284138,,ŻN-10,,Rozgałęźno-przelotowo-krańcowy,PW1C Slupy TD przyciete,C:/Projekty/PW1C 11-12/PW1C 11-12.gpkg|layername=PW1C Slupy TD przyciete,./0.png
19.005299957045,49.8227311788689,"56","2361714",,BBB284139,,Drewniany,,Przelotowy,PW1C Slupy TD przyciete,C:/Projekty/PW1C 11-12/PW1C 11-12.gpkg|layername=PW1C Slupy TD przyciete,./0.png
19.0057851651932,49.822915200449,"57","2361715",,BBB284141,,ŻN-10,,Krańcowo-krańcowy,PW1C Slupy TD przyciete,C:/Projekty/PW1C 11-12/PW1C 11-12.gpkg|layername=PW1C Slupy TD przyciete,./0.png
19.0062007122029,49.8230620598545,"58","2361733",,BBB284166,,ŻN-10,,Krańcowo-krańcowy,PW1C Slupy TD przyciete,C:/Projekty/PW1C 11-12/PW1C 11-12.gpkg|layername=PW1C Slupy TD przyciete,./0.png
19.0065479450466,49.8229688224643,"59","2361734",,BBB284168,,ŻN-10,,Rozgałęźno-narożno-krańcowy,PW1C Slupy TD przyciete,C:/Projekty/PW1C 11-12/PW1C 11-12.gpkg|layername=PW1C Slupy TD przyciete,./0.png
19.008104132679,49.823064257736,"64","2361726",,BBB284156,,ŻN-10,,Przelotowy,PW1C Slupy TD przyciete,C:/Projekty/PW1C 11-12/PW1C 11-12.gpkg|layername=PW1C Slupy TD przyciete,./0.png
19.0066970512979,49.82278115737,"65","2361735",,BBB284169,,ŻN-10,,Przelotowy,PW1C Slupy TD przyciete,C:/Projekty/PW1C 11-12/PW1C 11-12.gpkg|layername=PW1C Slupy TD przyciete,./0.png
18.9982310527367,49.8196131809393,"71","2462634",,BBB011415,,ŻN-10,,Krańcowy,PW1C Slupy TD przyciete,C:/Projekty/PW1C 11-12/PW1C 11-12.gpkg|layername=PW1C Slupy TD przyciete,./0.png
19.0175144361391,49.8165080463321,"74","2686178",,BBB042033,,ŻN-10,,Narożny,PW1C Slupy TD przyciete,C:/Projekty/PW1C 11-12/PW1C 11-12.gpkg|layername=PW1C Slupy TD przyciete,./0.png
18.9990424869216,49.820479593586,"75","2554155",3/I,BBB020984,,ŻN-10,,Rozgałęźno-przelotowo-krańcowy,PW1C Slupy TD przyciete,C:/Projekty/PW1C 11-12/PW1C 11-12.gpkg|layername=PW1C Slupy TD przyciete,./0.png
19.0149590294454,49.8195850984978,"76","2669158",,BBB040620,,ŻN-10,,Krańcowy,PW1C Slupy TD przyciete,C:/Projekty/PW1C 11-12/PW1C 11-12.gpkg|layername=PW1C Slupy TD przyciete,./0.png
19.0113097353468,49.8179025683965,"78","2669244",,BBB040674,,Drewniany,,Przelotowy,PW1C Slupy TD przyciete,C:/Projekty/PW1C 11-12/PW1C 11-12.gpkg|layername=PW1C Slupy TD przyciete,./0.png
19.0106538128228,49.8167181083968,"79","2669284",,BBB040698,,ŻN,,Krańcowy,PW1C Slupy TD przyciete,C:/Projekty/PW1C 11-12/PW1C 11-12.gpkg|layername=PW1C Slupy TD przyciete,./0.png
19.0005438886817,49.8176017013679,"81","2554147",,BBB020976,,ŻN-10,,Rozgałęźno-przelotowo-krańcowy,PW1C Slupy TD przyciete,C:/Projekty/PW1C 11-12/PW1C 11-12.gpkg|layername=PW1C Slupy TD przyciete,./0.png
19.0079704738189,49.8211085029559,"82","2361762","8",BBB284184,,E 10.5/4.3,,Latarnia,PW1C Slupy TD przyciete,C:/Projekty/PW1C 11-12/PW1C 11-12.gpkg|layername=PW1C Slupy TD przyciete,./0.png
19.0069585021854,49.8224674061372,"83","2361736",,BBB284171,,ŻN-10,,Przelotowy,PW1C Slupy TD przyciete,C:/Projekty/PW1C 11-12/PW1C 11-12.gpkg|layername=PW1C Slupy TD przyciete,./0.png
19.0111132168134,49.8186466079185,"84","2669241",,BBB040671,,ŻN-10,,Rozgałęźno-przelotowo-przelotowy,PW1C Slupy TD przyciete,C:/Projekty/PW1C 11-12/PW1C 11-12.gpkg|layername=PW1C Slupy TD przyciete,./0.png
18.9931326457989,49.8134474146845,"92","2329761",,BBB275826,,ŻN-10,,Przelotowy,PW1C Slupy TD przyciete,C:/Projekty/PW1C 11-12/PW1C 11-12.gpkg|layername=PW1C Slupy TD przyciete,./0.png
18.9935817584603,49.8136154497799,"93","2329764",,BBB275829,,E,,Narożny,PW1C Slupy TD przyciete,C:/Projekty/PW1C 11-12/PW1C 11-12.gpkg|layername=PW1C Slupy TD przyciete,./0.png
18.9934592532686,49.8138617566038,"94","2329765",,BBB275830,,E 10.5/10,,Odporowy,PW1C Slupy TD przyciete,C:/Projekty/PW1C 11-12/PW1C 11-12.gpkg|layername=PW1C Slupy TD przyciete,./0.png
18.9933431033388,49.8140954654428,"95","2329766",,BBB275831,,E 10.5/10,,Narożny,PW1C Slupy TD przyciete,C:/Projekty/PW1C 11-12/PW1C 11-12.gpkg|layername=PW1C Slupy TD przyciete,./0.png
18.9938242715277,49.8142115047916,"96","2329767",,BBB275832,,"E 10,5/4,3c",,Przelotowy,PW1C Slupy TD przyciete,C:/Projekty/PW1C 11-12/PW1C 11-12.gpkg|layername=PW1C Slupy TD przyciete,./0.png
18.9941943772216,49.8142897768632,"97","2329770",,BBB275835,,E 10.5/10,,Krańcowo-krańcowy,PW1C Slupy TD przyciete,C:/Projekty/PW1C 11-12/PW1C 11-12.gpkg|layername=PW1C Slupy TD przyciete,./0.png
18.993797047531,49.8154449086824,"98","2329808",,BBB275857,,E 10.5/12,,Narożny,PW1C Slupy TD przyciete,C:/Projekty/PW1C 11-12/PW1C 11-12.gpkg|layername=PW1C Slupy TD przyciete,./0.png
18.9938229108757,49.8150121700149,"99","2329809",,BBB275858,,E 10.5/4.3,,Narożny,PW1C Slupy TD przyciete,C:/Projekty/PW1C 11-12/PW1C 11-12.gpkg|layername=PW1C Slupy TD przyciete,./0.png
18.9939851258035,49.8146231213303,"100","2329810",,BBB275859,,E 10.5/10,,Krańcowo-krańcowy,PW1C Slupy TD przyciete,C:/Projekty/PW1C 11-12/PW1C 11-12.gpkg|layername=PW1C Slupy TD przyciete,./0.png
18.999281992063,49.8225385237864,"101","2317950",,BBB273043,,DANA,,Przelotowy,PW1C Slupy TD przyciete,C:/Projekty/PW1C 11-12/PW1C 11-12.gpkg|layername=PW1C Slupy TD przyciete,./0.png
18.9987646153202,49.8223763322232,"102","2317971",,BBB273053,,DANA,,Przelotowy,PW1C Slupy TD przyciete,C:/Projekty/PW1C 11-12/PW1C 11-12.gpkg|layername=PW1C Slupy TD przyciete,./0.png
18.9982107748447,49.8222115031556,"103","2317972",5/II,BBB273055,,E 10.5/10,,Rozgałęźno-narożno-krańcowy,PW1C Slupy TD przyciete,C:/Projekty/PW1C 11-12/PW1C 11-12.gpkg|layername=PW1C Slupy TD przyciete,./0.png
19.009757789393,49.8247678347024,"107","2340208",,BBB277842,,E 10.5/6,,Rozgałęźno-przelotowo-krańcowy,PW1C Slupy TD przyciete,C:/Projekty/PW1C 11-12/PW1C 11-12.gpkg|layername=PW1C Slupy TD przyciete,./0.png
19.0092892351667,49.8246844541688,"108","2340211",,BBB277845,,ŻN-10,,Przelotowy,PW1C Slupy TD przyciete,C:/Projekty/PW1C 11-12/PW1C 11-12.gpkg|layername=PW1C Slupy TD przyciete,./0.png
19.0088770001134,49.824625119733,"109","2340212",,BBB277846,,E 10.5/10,,Rozgałęźno-przelotowo-krańcowy,PW1C Slupy TD przyciete,C:/Projekty/PW1C 11-12/PW1C 11-12.gpkg|layername=PW1C Slupy TD przyciete,./0.png
19.0083827041793,49.8245335164501,"110","2340214","16",BBB277848,,E,,Rozgałęźno-odporowo-narożno-krańcowy,PW1C Slupy TD przyciete,C:/Projekty/PW1C 11-12/PW1C 11-12.gpkg|layername=PW1C Slupy TD przyciete,./0.png
19.0078442182059,49.8244716351081,"111","2340215","17",BBB277849,,DANA,,Przelotowy,PW1C Slupy TD przyciete,C:/Projekty/PW1C 11-12/PW1C 11-12.gpkg|layername=PW1C Slupy TD przyciete,./0.png
19.0073180360886,49.8244045011043,"112","2340217","18",BBB277851,,DANA,,Rozgałęźno-narożno-krańcowy,PW1C Slupy TD przyciete,C:/Projekty/PW1C 11-12/PW1C 11-12.gpkg|layername=PW1C Slupy TD przyciete,./0.png
19.0068640691102,49.8243083866885,"113","2340218",12/69,BBB277852,,DANA,,Przelotowy,PW1C Slupy TD przyciete,C:/Projekty/PW1C 11-12/PW1C 11-12.gpkg|layername=PW1C Slupy TD przyciete,./0.png
19.0064290488281,49.8242150012837,"114","2340219",13/69,BBB277853,,DANA,,Przelotowy,PW1C Slupy TD przyciete,C:/Projekty/PW1C 11-12/PW1C 11-12.gpkg|layername=PW1C Slupy TD przyciete,./0.png
19.0059955396315,49.8241240288786,"115","2340220","21",BBB277854,,DANA,,Przelotowy,PW1C Slupy TD przyciete,C:/Projekty/PW1C 11-12/PW1C 11-12.gpkg|layername=PW1C Slupy TD przyciete,./0.png
19.0055755216748,49.8240394747325,"116","2340221","22",BBB277855,,E 10.5/6,,Przelotowy,PW1C Slupy TD przyciete,C:/Projekty/PW1C 11-12/PW1C 11-12.gpkg|layername=PW1C Slupy TD przyciete,./0.png
19.0071622894697,49.8258980193303,"118","2345715","61",BBB279759,,ŻN-10,,Przelotowy,PW1C Slupy TD przyciete,C:/Projekty/PW1C 11-12/PW1C 11-12.gpkg|layername=PW1C Slupy TD przyciete,./0.png
19.006607340403,49.8258592489514,"119","2345718","62",BBB279766,,ŻN-10,,Rozgałęźno-przelotowo-krańcowy,PW1C Slupy TD przyciete,C:/Projekty/PW1C 11-12/PW1C 11-12.gpkg|layername=PW1C Slupy TD przyciete,./0.png
19.0060817178986,49.8258130370189,"120","2345722","63",BBB279775,,ŻN-10,,Rozgałęźno-przelotowo-krańcowy,PW1C Slupy TD przyciete,C:/Projekty/PW1C 11-12/PW1C 11-12.gpkg|layername=PW1C Slupy TD przyciete,./0.png
19.0055113449225,49.8256838583539,"121","2345723","64",BBB279778,,ŻN-10,,Przelotowy,PW1C Slupy TD przyciete,C:/Projekty/PW1C 11-12/PW1C 11-12.gpkg|layername=PW1C Slupy TD przyciete,./0.png
19.0100457431308,49.8265859464293,"122","2345612","66",BBB279689,,ŻN-10,,Przelotowy,PW1C Slupy TD przyciete,C:/Projekty/PW1C 11-12/PW1C 11-12.gpkg|layername=PW1C Slupy TD przyciete,./0.png
19.0053036142692,49.8247143642243,"123","2345725",,BBB279782,,ŻN-10,,Odporowo-narożny,PW1C Slupy TD przyciete,C:/Projekty/PW1C 11-12/PW1C 11-12.gpkg|layername=PW1C Slupy TD przyciete,./0.png
19.00516638682,49.8249462082993,"124","2345726",,BBB279784,,ŻN-10,,Przelotowy,PW1C Slupy TD przyciete,C:/Projekty/PW1C 11-12/PW1C 11-12.gpkg|layername=PW1C Slupy TD przyciete,./0.png
19.0050309764896,49.8252188585385,"125","2345727",,BBB279787,,ŻN-10,,Narożny,PW1C Slupy TD przyciete,C:/Projekty/PW1C 11-12/PW1C 11-12.gpkg|layername=PW1C Slupy TD przyciete,./0.png
19.0049638614394,49.8255477166927,"126","2345746","65",BBB279790,,ŻN-10,,Rozgałęźno-przelotowo-krańcowy,PW1C Slupy TD przyciete,C:/Projekty/PW1C 11-12/PW1C 11-12.gpkg|layername=PW1C Slupy TD przyciete,./0.png
19.0044061020839,49.8253910706228,"127","2345750","66",BBB279794,,ŻN-10,,Rozgałęźno-przelotowo-krańcowy,PW1C Slupy TD przyciete,C:/Projekty/PW1C 11-12/PW1C 11-12.gpkg|layername=PW1C Slupy TD przyciete,./0.png
19.0040354474931,49.8253012635651,"128","2345751","67",BBB279795,,ŻN-10,,Przelotowy,PW1C Slupy TD przyciete,C:/Projekty/PW1C 11-12/PW1C 11-12.gpkg|layername=PW1C Slupy TD przyciete,./0.png
19.003574894574,49.8251576454797,"129","2345752",,BBB279796,,ŻN-10,,Rozgałęźno-narożno-krańcowy,PW1C Slupy TD przyciete,C:/Projekty/PW1C 11-12/PW1C 11-12.gpkg|layername=PW1C Slupy TD przyciete,./0.png
19.003153536657,49.8251005996193,"130","2345753",,BBB279797,,ŻN-10,,Krańcowo-krańcowy,PW1C Slupy TD przyciete,C:/Projekty/PW1C 11-12/PW1C 11-12.gpkg|layername=PW1C Slupy TD przyciete,./0.png
19.0095515370375,49.8264583267691,"131","2345649","64",BBB279705,,ŻN-10,,Rozgałęźno-przelotowo-krańcowy,PW1C Slupy TD przyciete,C:/Projekty/PW1C 11-12/PW1C 11-12.gpkg|layername=PW1C Slupy TD przyciete,./0.png
19.0092091901331,49.8263704656333,"132","2345650","53",BBB279708,,ŻN-10,,Przelotowy,PW1C Slupy TD przyciete,C:/Projekty/PW1C 11-12/PW1C 11-12.gpkg|layername=PW1C Slupy TD przyciete,./0.png
19.0080720904281,49.8260454134468,"133","2345651","57",BBB279711,,ŻN-10,,Przelotowy,PW1C Slupy TD przyciete,C:/Projekty/PW1C 11-12/PW1C 11-12.gpkg|layername=PW1C Slupy TD przyciete,./0.png
19.0085014671649,49.826183287543,"134","2345652","56",BBB279714,,ŻN-10,,Przelotowy,PW1C Slupy TD przyciete,C:/Projekty/PW1C 11-12/PW1C 11-12.gpkg|layername=PW1C Slupy TD przyciete,./0.png
19.0088739657089,49.8263022152221,"135","2345655","52",BBB279723,,ŻN-10,,Rozgałęźno-krańcowo-przelotowy,PW1C Slupy TD przyciete,C:/Projekty/PW1C 11-12/PW1C 11-12.gpkg|layername=PW1C Slupy TD przyciete,./0.png
19.0077138767768,49.8259334893722,"136","2345714","58",BBB279757,,ŻN-10,,Rozgałęźno-narożno-krańcowy,PW1C Slupy TD przyciete,C:/Projekty/PW1C 11-12/PW1C 11-12.gpkg|layername=PW1C Slupy TD przyciete,./0.png
19.0141601597746,49.8201650316907,"137","2627929",,BBB032576,,ŻN-10,,Krańcowy,PW1C Slupy TD przyciete,C:/Projekty/PW1C 11-12/PW1C 11-12.gpkg|layername=PW1C Slupy TD przyciete,./0.png
19.002202622363,49.8193954823483,"138","2554187",14/III,BBB021016,,ŻN-10,,Przelotowy,PW1C Slupy TD przyciete,C:/Projekty/PW1C 11-12/PW1C 11-12.gpkg|layername=PW1C Slupy TD przyciete,./0.png
18.9962384961541,49.8193979637077,"139","2462717",,BBB011498,,ŻN-10,,Rozgałęźno-przelotowo-krańcowy,PW1C Slupy TD przyciete,C:/Projekty/PW1C 11-12/PW1C 11-12.gpkg|layername=PW1C Slupy TD przyciete,./0.png
18.9957697222951,49.8193062941497,"140","2462718",,BBB011499,,ŻN-10,,Krańcowy,PW1C Slupy TD przyciete,C:/Projekty/PW1C 11-12/PW1C 11-12.gpkg|layername=PW1C Slupy TD przyciete,./0.png
18.993646938265,49.8170876052443,"141","2462428",,BBB011401,,ŻN-10,,Przelotowy,PW1C Slupy TD przyciete,C:/Projekty/PW1C 11-12/PW1C 11-12.gpkg|layername=PW1C Slupy TD przyciete,./0.png
18.9936928849949,49.8168164095216,"142","2462430",,BBB011403,,ŻN-10,,Rozgałęźno-przelotowo-krańcowy,PW1C Slupy TD przyciete,C:/Projekty/PW1C 11-12/PW1C 11-12.gpkg|layername=PW1C Slupy TD przyciete,./0.png
18.9937381355235,49.8165017450649,"143","2462431",,BBB011404,,ŻN-10,,Przelotowy,PW1C Slupy TD przyciete,C:/Projekty/PW1C 11-12/PW1C 11-12.gpkg|layername=PW1C Slupy TD przyciete,./0.png
18.9937674220595,49.81612143448,"144","2462432",,BBB011405,,ŻN-10,,Krańcowy,PW1C Slupy TD przyciete,C:/Projekty/PW1C 11-12/PW1C 11-12.gpkg|layername=PW1C Slupy TD przyciete,./0.png
18.9985090341433,49.8200679670619,"145","2462630",,BBB011411,,E 10.5/4.3,,Krańcowy,PW1C Slupy TD przyciete,C:/Projekty/PW1C 11-12/PW1C 11-12.gpkg|layername=PW1C Slupy TD przyciete,./0.png
18.9977844095446,49.8197646880786,"146","2462632",,BBB011413,,ŻN-10,,Przelotowy,PW1C Slupy TD przyciete,C:/Projekty/PW1C 11-12/PW1C 11-12.gpkg|layername=PW1C Slupy TD przyciete,./0.png
18.993378532625,49.8180769024224,"147","2462647",,BBB011428,,ŻN-10,,Rozgałęźno-przelotowo-krańcowy,PW1C Slupy TD przyciete,C:/Projekty/PW1C 11-12/PW1C 11-12.gpkg|layername=PW1C Slupy TD przyciete,./0.png
18.9932624475882,49.8183034171082,"148","2462650",,BBB011431,,ŻN-10,,Przelotowy,PW1C Slupy TD przyciete,C:/Projekty/PW1C 11-12/PW1C 11-12.gpkg|layername=PW1C Slupy TD przyciete,./0.png
18.9931492697301,49.8185715291282,"149","2462651",,BBB011432,,ŻN-10,,Przelotowy,PW1C Slupy TD przyciete,C:/Projekty/PW1C 11-12/PW1C 11-12.gpkg|layername=PW1C Slupy TD przyciete,./0.png
18.9928820880313,49.818877916189,"150","2462652",,BBB011433,,ŻN-10,,Rozgałęźno-przelotowo-krańcowy,PW1C Slupy TD przyciete,C:/Projekty/PW1C 11-12/PW1C 11-12.gpkg|layername=PW1C Slupy TD przyciete,./0.png
18.9987851102709,49.8184007108976,"151","2462637",,BBB011418,,E 10.5/10,,Krańcowy,PW1C Slupy TD przyciete,C:/Projekty/PW1C 11-12/PW1C 11-12.gpkg|layername=PW1C Slupy TD przyciete,./0.png
18.9933024051178,49.8190020859639,"153","2462653",,BBB011434,,ŻN-10,,Przelotowy,PW1C Slupy TD przyciete,C:/Projekty/PW1C 11-12/PW1C 11-12.gpkg|layername=PW1C Slupy TD przyciete,./0.png
18.9937911654154,49.8191254515437,"154","2462654",,BBB011435,,ŻN-10,,Narożny,PW1C Slupy TD przyciete,C:/Projekty/PW1C 11-12/PW1C 11-12.gpkg|layername=PW1C Slupy TD przyciete,./0.png
18.993534827426,49.8176233991968,"155","2462655",,BBB011436,,ŻN-10,,Przelotowy,PW1C Slupy TD przyciete,C:/Projekty/PW1C 11-12/PW1C 11-12.gpkg|layername=PW1C Slupy TD przyciete,./0.png
18.9936032564754,49.8173622073386,"156","2462656",,BBB011437,,ŻN-10,,Przelotowy,PW1C Slupy TD przyciete,C:/Projekty/PW1C 11-12/PW1C 11-12.gpkg|layername=PW1C Slupy TD przyciete,./0.png
18.9942981910465,49.8191756730978,"157","2462667",,BBB011448,,ŻN-10,,Rozgałęźno-przelotowo-krańcowy,PW1C Slupy TD przyciete,C:/Projekty/PW1C 11-12/PW1C 11-12.gpkg|layername=PW1C Slupy TD przyciete,./0.png
18.9948097862148,49.8192284248256,"158","2462668",,BBB011449,,ŻN-10,,Przelotowy,PW1C Slupy TD przyciete,C:/Projekty/PW1C 11-12/PW1C 11-12.gpkg|layername=PW1C Slupy TD przyciete,./0.png
18.9952770725465,49.8192619350244,"159","2462669",,BBB011450,,ŻN-10,,Krańcowy,PW1C Slupy TD przyciete,C:/Projekty/PW1C 11-12/PW1C 11-12.gpkg|layername=PW1C Slupy TD przyciete,./0.png
18.9971167615297,49.8195764841382,"160","2462697",,BBB011478,,ŻN-10,,Rozgałęźno-przelotowo-krańcowy,PW1C Slupy TD przyciete,C:/Projekty/PW1C 11-12/PW1C 11-12.gpkg|layername=PW1C Slupy TD przyciete,./0.png
18.9966849488343,49.819484707081,"161","2462698",,BBB011479,,ŻN-10,,Przelotowy,PW1C Slupy TD przyciete,C:/Projekty/PW1C 11-12/PW1C 11-12.gpkg|layername=PW1C Slupy TD przyciete,./0.png
19.0127376206288,49.8184497588855,"166","2669164",,BBB040626,,Drewniany,,Rozgałęźno-przelotowo-krańcowy,PW1C Slupy TD przyciete,C:/Projekty/PW1C 11-12/PW1C 11-12.gpkg|layername=PW1C Slupy TD przyciete,./0.png
19.0125558993628,49.8183823087019,"169","2669216",,BBB040662,,ŻN-10,,Przelotowy,PW1C Slupy TD przyciete,C:/Projekty/PW1C 11-12/PW1C 11-12.gpkg|layername=PW1C Slupy TD przyciete,./0.png
19.0122725717356,49.818276596044,"170","2669233",,BBB040663,,Drewniany,,Przelotowy,PW1C Slupy TD przyciete,C:/Projekty/PW1C 11-12/PW1C 11-12.gpkg|layername=PW1C Slupy TD przyciete,./0.png
19.010901658071,49.8177533332594,"172","2669245",,BBB040675,,Drewniany,,Przelotowy,PW1C Slupy TD przyciete,C:/Projekty/PW1C 11-12/PW1C 11-12.gpkg|layername=PW1C Slupy TD przyciete,./0.png
19.0104782048282,49.8175689834243,"173","2669246",,BBB040676,,Drewniany,,Rozgałęźno-narożno-krańcowy,PW1C Slupy TD przyciete,C:/Projekty/PW1C 11-12/PW1C 11-12.gpkg|layername=PW1C Slupy TD przyciete,./0.png
18.9999510150721,49.8223999737276,"175","2426179",,BBB007353,,Drewniany,,Rozgałęźno-przelotowo-krańcowy,PW1C Slupy TD przyciete,C:/Projekty/PW1C 11-12/PW1C 11-12.gpkg|layername=PW1C Slupy TD przyciete,./0.png
19.0138154010856,49.8140820739306,"179","2425391",,BBB006851,,ŻN-10,,Narożny,PW1C Slupy TD przyciete,C:/Projekty/PW1C 11-12/PW1C 11-12.gpkg|layername=PW1C Slupy TD przyciete,./0.png
19.0135787537554,49.8143480494385,"180","2425392",,BBB006852,,ŻN,,Narożny,PW1C Slupy TD przyciete,C:/Projekty/PW1C 11-12/PW1C 11-12.gpkg|layername=PW1C Slupy TD przyciete,./0.png
19.0132207020457,49.8145770781317,"181","2425633",,BBB006855,,ALA-12,,Rozgałęźno-krańcowo-przelotowy,PW1C Slupy TD przyciete,C:/Projekty/PW1C 11-12/PW1C 11-12.gpkg|layername=PW1C Slupy TD przyciete,./0.png
19.0135342363382,49.8147374724201,"182","2425634",,BBB006856,,ALA,,Przelotowy,PW1C Slupy TD przyciete,C:/Projekty/PW1C 11-12/PW1C 11-12.gpkg|layername=PW1C Slupy TD przyciete,./0.png
19.0138628588084,49.8148869888189,"183","2425635",,BBB006858,,ALA-12,,Narożny,PW1C Slupy TD przyciete,C:/Projekty/PW1C 11-12/PW1C 11-12.gpkg|layername=PW1C Slupy TD przyciete,./0.png
19.0113927037198,49.8163647639839,"184","2425641",,BBB006870,,EPV 10.5/6,,Krańcowy,PW1C Slupy TD przyciete,C:/Projekty/PW1C 11-12/PW1C 11-12.gpkg|layername=PW1C Slupy TD przyciete,./0.png
19.0116948054888,49.8161292070021,"185","2425642",,BBB006872,,E 10.5/3.5,,Narożny,PW1C Slupy TD przyciete,C:/Projekty/PW1C 11-12/PW1C 11-12.gpkg|layername=PW1C Slupy TD przyciete,./0.png
19.011906501184,49.8158746119949,"186","2425643",,BBB006874,,EPV 10.5/10,,Odporowo-narożny,PW1C Slupy TD przyciete,C:/Projekty/PW1C 11-12/PW1C 11-12.gpkg|layername=PW1C Slupy TD przyciete,./0.png
19.0121528748542,49.8156304497806,"187","2425644",,BBB006876,,ŻN-9,,Przelotowy,PW1C Slupy TD przyciete,C:/Projekty/PW1C 11-12/PW1C 11-12.gpkg|layername=PW1C Slupy TD przyciete,./0.png
19.0129246581759,49.8148264334207,"188","2425648",,BBB006883,,ALA,,Przelotowy,PW1C Slupy TD przyciete,C:/Projekty/PW1C 11-12/PW1C 11-12.gpkg|layername=PW1C Slupy TD przyciete,./0.png
19.0045571374685,49.8237626682701,"190","2425792","24",BBB007334,,E 10.5/10,,Krańcowy,PW1C Slupy TD przyciete,C:/Projekty/PW1C 11-12/PW1C 11-12.gpkg|layername=PW1C Slupy TD przyciete,./0.png
19.0066765163253,49.8206594485151,"192","2816866",,BBB053478,,Drewniany,,Przelotowy,PW1C Slupy TD przyciete,C:/Projekty/PW1C 11-12/PW1C 11-12.gpkg|layername=PW1C Slupy TD przyciete,./0.png
19.0131599005069,49.8146759066385,"204","2642486",,BBB035214,,ŻN-10,,Latarnia,PW1C Slupy TD przyciete,C:/Projekty/PW1C 11-12/PW1C 11-12.gpkg|layername=PW1C Slupy TD przyciete,./0.png
18.9998929118774,49.8246165484196,"205","2426199",,BBB007373,,ŻN-10,,Krańcowy,PW1C Slupy TD przyciete,C:/Projekty/PW1C 11-12/PW1C 11-12.gpkg|layername=PW1C Slupy TD przyciete,./0.png
19.0156794463329,49.820818827493,"207","2669184",,BBB040646,,ŻN,,Krańcowy,PW1C Slupy TD przyciete,C:/Projekty/PW1C 11-12/PW1C 11-12.gpkg|layername=PW1C Slupy TD przyciete,./0.png
19.0156175984597,49.8204216862249,"208","2669202",,BBB040648,,ŻN-10,,Przelotowy,PW1C Slupy TD przyciete,C:/Projekty/PW1C 11-12/PW1C 11-12.gpkg|layername=PW1C Slupy TD przyciete,./0.png
19.0153014595268,49.8203155761322,"209","2669203",,BBB040649,,ŻN-10,,Przelotowy,PW1C Slupy TD przyciete,C:/Projekty/PW1C 11-12/PW1C 11-12.gpkg|layername=PW1C Slupy TD przyciete,./0.png
19.0150516597058,49.8202349420182,"210","2669204",,BBB040650,,ŻN-10,,Przelotowy,PW1C Slupy TD przyciete,C:/Projekty/PW1C 11-12/PW1C 11-12.gpkg|layername=PW1C Slupy TD przyciete,./0.png
19.0148165776806,49.8198519866674,"211","2669205",,BBB040651,,ŻN,,Przelotowy,PW1C Slupy TD przyciete,C:/Projekty/PW1C 11-12/PW1C 11-12.gpkg|layername=PW1C Slupy TD przyciete,./0.png
19.0103482164826,49.8169437572941,"220","2669283",,BBB040697,,ŻN,,Przelotowy,PW1C Slupy TD przyciete,C:/Projekty/PW1C 11-12/PW1C 11-12.gpkg|layername=PW1C Slupy TD przyciete,./0.png
19.0153755664206,49.8215303119161,"221","2669169",,BBB040631,,ALA-10,,Odporowo-narożny,PW1C Slupy TD przyciete,C:/Projekty/PW1C 11-12/PW1C 11-12.gpkg|layername=PW1C Slupy TD przyciete,./0.png
19.0148177702886,49.8213925717218,"222","2669170",,BBB040632,,ALA-10,,Przelotowy,PW1C Slupy TD przyciete,C:/Projekty/PW1C 11-12/PW1C 11-12.gpkg|layername=PW1C Slupy TD przyciete,./0.png
19.0180118560114,49.8159144853186,"229","2642470",,BBB035029,,ŻN-10,,Odporowy,PW1C Slupy TD przyciete,C:/Projekty/PW1C 11-12/PW1C 11-12.gpkg|layername=PW1C Slupy TD przyciete,./0.png
19.017646166746,49.8157709529202,"230","2642471",,BBB035030,,ŻN-10,,Narożny,PW1C Slupy TD przyciete,C:/Projekty/PW1C 11-12/PW1C 11-12.gpkg|layername=PW1C Slupy TD przyciete,./0.png
19.0172864464929,49.8156309906183,"231","2642472",,BBB035032,,ŻN-10,,Przelotowy,PW1C Slupy TD przyciete,C:/Projekty/PW1C 11-12/PW1C 11-12.gpkg|layername=PW1C Slupy TD przyciete,./0.png
19.0169576549958,49.8155073094719,"232","2642473",,BBB035033,,ŻN-10,,Narożny,PW1C Slupy TD przyciete,C:/Projekty/PW1C 11-12/PW1C 11-12.gpkg|layername=PW1C Slupy TD przyciete,./0.png
19.0045965325651,49.8211106967016,"237","2361706",,BBB284128,,ŻN-12,,Odporowo-narożny,PW1C Slupy TD przyciete,C:/Projekty/PW1C 11-12/PW1C 11-12.gpkg|layername=PW1C Slupy TD przyciete,./0.png
19.0146746344944,49.8201239954413,"238","2669206",,BBB040652,,ŻN,,Rozgałęźno-przelotowo-krańcowy,PW1C Slupy TD przyciete,C:/Projekty/PW1C 11-12/PW1C 11-12.gpkg|layername=PW1C Slupy TD przyciete,./0.png
19.0112613616115,49.8166291231981,"241","2642488",,BBB035216,,ALA-12,,Latarnia,PW1C Slupy TD przyciete,C:/Projekty/PW1C 11-12/PW1C 11-12.gpkg|layername=PW1C Slupy TD przyciete,./0.png
19.0070959041285,49.8209432592829,"242","2816867",,BBB053479,,ŻN-10,,Krańcowy,PW1C Slupy TD przyciete,C:/Projekty/PW1C 11-12/PW1C 11-12.gpkg|layername=PW1C Slupy TD przyciete,./0.png
19.0178586033809,49.8163693712759,"246","2686160",,BBB042015,,ŻN-10,,Rozgałęźno-odporowo-narożno-krańcowy,PW1C Slupy TD przyciete,C:/Projekty/PW1C 11-12/PW1C 11-12.gpkg|layername=PW1C Slupy TD przyciete,./0.png
19.0180146367246,49.8162033363048,"247","2686161",,BBB042016,,ŻN-10,,Przelotowy,PW1C Slupy TD przyciete,C:/Projekty/PW1C 11-12/PW1C 11-12.gpkg|layername=PW1C Slupy TD przyciete,./0.png
19.0170963103829,49.8163048048139,"249","2686177",,BBB042032,,ŻN-10,,Narożny,PW1C Slupy TD przyciete,C:/Projekty/PW1C 11-12/PW1C 11-12.gpkg|layername=PW1C Slupy TD przyciete,./0.png
18.9934558594193,49.8178592619282,"252","2462646",,BBB011427,,ŻN-10,,Przelotowy,PW1C Slupy TD przyciete,C:/Projekty/PW1C 11-12/PW1C 11-12.gpkg|layername=PW1C Slupy TD przyciete,./0.png
19.0124085523165,49.8153581157757,"257","2425646",,BBB006879,,ALA-12,,Przelotowy,PW1C Slupy TD przyciete,C:/Projekty/PW1C 11-12/PW1C 11-12.gpkg|layername=PW1C Slupy TD przyciete,./0.png
19.0140814162563,49.8189310034233,"258","2669167",,BBB040629,,ŻN,,Krańcowy,PW1C Slupy TD przyciete,C:/Projekty/PW1C 11-12/PW1C 11-12.gpkg|layername=PW1C Slupy TD przyciete,./0.png
19.0151061925595,49.8193070012239,"259","2686075",,BBB041978,,E 10.5/10,,Odporowy,PW1C Slupy TD przyciete,C:/Projekty/PW1C 11-12/PW1C 11-12.gpkg|layername=PW1C Slupy TD przyciete,./0.png
19.0134516107365,49.8187100754308,"268","3703413",,BBB443714,,E 10.5/2.5,,Przelotowy,PW1C TD na przylaczach,C:/Projekty/PW1C 11-12/PW1C 11-12.gpkg|layername=PW1C TD na przylaczach,./0.png
19.0118866540241,49.8188616639166,"269","2669238",,BBB040668,,Drewniany,,Krańcowy,PW1C TD na przylaczach,C:/Projekty/PW1C 11-12/PW1C 11-12.gpkg|layername=PW1C TD na przylaczach,./0.png
19.0115683293092,49.8187771427345,"270","2669239",,BBB040669,,ŻN-9,,Krańcowy,PW1C TD na przylaczach,C:/Projekty/PW1C 11-12/PW1C 11-12.gpkg|layername=PW1C TD na przylaczach,./0.png
19.0090070477899,49.8182884020128,"271","2669268",,BBB040682,,ŻN,,Narożny,PW1C TD na przylaczach,C:/Projekty/PW1C 11-12/PW1C 11-12.gpkg|layername=PW1C TD na przylaczach,./0.png
19.0029297744895,49.8245572644672,"272","2426184",,BBB007358,,ŻN-10,,Krańcowy,PW1C TD na przylaczach,C:/Projekty/PW1C 11-12/PW1C 11-12.gpkg|layername=PW1C TD na przylaczach,./0.png
18.9993337029741,49.8241649104174,"273","2426201",,BBB007375,,ŻN,,Odporowo-narożny,PW1C TD na przylaczach,C:/Projekty/PW1C 11-12/PW1C 11-12.gpkg|layername=PW1C TD na przylaczach,./0.png
19.0030173040539,49.8234768613592,"274","2426149","27",BBB007339,,DANA,,Narożny,PW1C TD na przylaczach,C:/Projekty/PW1C 11-12/PW1C 11-12.gpkg|layername=PW1C TD na przylaczach,./0.png
19.0017359356521,49.8192358347175,"275","2554188",5/III,BBB021017,,ŻN-10,,Rozgałęźno-przelotowo-krańcowy,PW1C TD na przylaczach,C:/Projekty/PW1C 11-12/PW1C 11-12.gpkg|layername=PW1C TD na przylaczach,./0.png
19.0015681034662,49.8195780331298,"276","2554189",4/III,BBB021018,,ŻN-10,,Przelotowy,PW1C TD na przylaczach,C:/Projekty/PW1C 11-12/PW1C 11-12.gpkg|layername=PW1C TD na przylaczach,./0.png
19.0009105278968,49.8201319353736,"277","2554192",2/III,BBB021021,,ŻN-10,,Przelotowy,PW1C TD na przylaczach,C:/Projekty/PW1C 11-12/PW1C 11-12.gpkg|layername=PW1C TD na przylaczach,./0.png
19.0005714927687,49.8203492869172,"278","2554193",1/III,BBB021022,,ŻN-10,,Krańcowy,PW1C TD na przylaczach,C:/Projekty/PW1C 11-12/PW1C 11-12.gpkg|layername=PW1C TD na przylaczach,./0.png
19.0007490090735,49.8168473013089,"279","2554145",,BBB020974,,ŻN-10,,Przelotowy,PW1C TD na przylaczach,C:/Projekty/PW1C 11-12/PW1C 11-12.gpkg|layername=PW1C TD na przylaczach,./0.png
19.0006421959495,49.8172493685904,"280","2554146",,BBB020975,,ŻN-10,,Przelotowy,PW1C TD na przylaczach,C:/Projekty/PW1C 11-12/PW1C 11-12.gpkg|layername=PW1C TD na przylaczach,./0.png
19.0004121454314,49.8179931846195,"281","2554148",,BBB020977,,ŻN-10,,Przelotowy,PW1C TD na przylaczach,C:/Projekty/PW1C 11-12/PW1C 11-12.gpkg|layername=PW1C TD na przylaczach,./0.png
19.0000778906905,49.8187661331328,"282","2554150",,BBB020979,,ŻN-10,,Przelotowy,PW1C TD na przylaczach,C:/Projekty/PW1C 11-12/PW1C 11-12.gpkg|layername=PW1C TD na przylaczach,./0.png
18.9999126352871,49.8191610250048,"283","2554151",,BBB020980,,ŻN-10,,Przelotowy,PW1C TD na przylaczach,C:/Projekty/PW1C 11-12/PW1C 11-12.gpkg|layername=PW1C TD na przylaczach,./0.png
18.999733812036,49.8195194286106,"284","2554152",,BBB020981,,ŻN-10,,Przelotowy,PW1C TD na przylaczach,C:/Projekty/PW1C 11-12/PW1C 11-12.gpkg|layername=PW1C TD na przylaczach,./0.png
19.0018068867191,49.8172533426382,"285","2554176",9/III,BBB021005,,ŻN-10,,Krańcowy,PW1C TD na przylaczach,C:/Projekty/PW1C 11-12/PW1C 11-12.gpkg|layername=PW1C TD na przylaczach,./0.png
19.0030762777195,49.8213563706156,"286","2554158",19/I,BBB020987,,ŻN,,Krańcowy,PW1C TD na przylaczach,C:/Projekty/PW1C 11-12/PW1C 11-12.gpkg|layername=PW1C TD na przylaczach,./0.png
19.0028845024629,49.8216340650953,"287","2554159",18/I,BBB020988,,ŻN-10,,Przelotowy,PW1C TD na przylaczach,C:/Projekty/PW1C 11-12/PW1C 11-12.gpkg|layername=PW1C TD na przylaczach,./0.png
19.0026870022551,49.8219078794157,"288","2554160",12/I,BBB020989,,ŻN-10,,Rozgałęźno-przelotowo-krańcowy,PW1C TD na przylaczach,C:/Projekty/PW1C 11-12/PW1C 11-12.gpkg|layername=PW1C TD na przylaczach,./0.png
19.002239476259,49.8173791812895,"289","2554177",10/III,BBB021006,,ŻN-10,,Krańcowy,PW1C TD na przylaczach,C:/Projekty/PW1C 11-12/PW1C 11-12.gpkg|layername=PW1C TD na przylaczach,./0.png
19.0021284583199,49.8177776266892,"290","2554178",,BBB021007,,ŻN-10,,Krańcowy,PW1C TD na przylaczach,C:/Projekty/PW1C 11-12/PW1C 11-12.gpkg|layername=PW1C TD na przylaczach,./0.png
19.0020474774829,49.8186245770101,"291","2554182",7/III,BBB021011,,ŻN-10,,Przelotowy,PW1C TD na przylaczach,C:/Projekty/PW1C 11-12/PW1C 11-12.gpkg|layername=PW1C TD na przylaczach,./0.png
19.0019054146615,49.8189055267569,"292","2554183",6/III,BBB021012,,ŻN-10,,Przelotowy,PW1C TD na przylaczach,C:/Projekty/PW1C 11-12/PW1C 11-12.gpkg|layername=PW1C TD na przylaczach,./0.png
19.0030183856341,49.8187908592768,"293","2554184",,BBB021013,,ŻN,,Krańcowy,PW1C TD na przylaczach,C:/Projekty/PW1C 11-12/PW1C 11-12.gpkg|layername=PW1C TD na przylaczach,./0.png
19.0027681456329,49.8191582209719,"294","2554185",,BBB021014,,ŻN-10,,Przelotowy,PW1C TD na przylaczach,C:/Projekty/PW1C 11-12/PW1C 11-12.gpkg|layername=PW1C TD na przylaczach,./0.png
19.0025262530329,49.8195255278711,"295","2554186",15/III,BBB021015,,E,,Odporowo-narożny,PW1C TD na przylaczach,C:/Projekty/PW1C 11-12/PW1C 11-12.gpkg|layername=PW1C TD na przylaczach,./0.png
18.9995284025903,49.8198759121988,"296","2554153",,BBB020982,,ŻN-10,,Przelotowy,PW1C TD na przylaczach,C:/Projekty/PW1C 11-12/PW1C 11-12.gpkg|layername=PW1C TD na przylaczach,./0.png
19.0009148118487,49.8229147705825,"297","2426155","31",BBB007345,,DANA,,Przelotowy,PW1C TD na przylaczach,C:/Projekty/PW1C 11-12/PW1C 11-12.gpkg|layername=PW1C TD na przylaczach,./0.png
19.0081557352111,49.8214337293542,"298","2361763",,BBB284186,,ŻN-10,,Krańcowy,PW1C TD na przylaczach,C:/Projekty/PW1C 11-12/PW1C 11-12.gpkg|layername=PW1C TD na przylaczach,./0.png
19.0040248520064,49.8222605132437,"299","2361699",,BBB284119,,ŻN-10,,Rozgałęźno-przelotowo-krańcowy,PW1C TD na przylaczach,C:/Projekty/PW1C 11-12/PW1C 11-12.gpkg|layername=PW1C TD na przylaczach,./0.png
19.0058575839922,49.8221153036967,"300","2361701",,BBB284122,,ŻN-10,,Przelotowy,PW1C TD na przylaczach,C:/Projekty/PW1C 11-12/PW1C 11-12.gpkg|layername=PW1C TD na przylaczach,./0.png
19.0053695158043,49.8220101820321,"301","2361702",,BBB284123,,ŻN-10,,Przelotowy,PW1C TD na przylaczach,C:/Projekty/PW1C 11-12/PW1C 11-12.gpkg|layername=PW1C TD na przylaczach,./0.png
19.0047130346802,49.8215172246531,"302","2361707",,BBB284130,,ŻN-10,,Przelotowy,PW1C TD na przylaczach,C:/Projekty/PW1C 11-12/PW1C 11-12.gpkg|layername=PW1C TD na przylaczach,./0.png
19.0047828105105,49.8218725994171,"303","2361708",,BBB284131,,ŻN-10,,Rozgałęźno-narożno-krańcowy,PW1C TD na przylaczach,C:/Projekty/PW1C 11-12/PW1C 11-12.gpkg|layername=PW1C TD na przylaczach,./0.png
19.0047915759558,49.820931645451,"304","2361705",,BBB284127,,ŻN-12,,Narożny,PW1C TD na przylaczach,C:/Projekty/PW1C 11-12/PW1C 11-12.gpkg|layername=PW1C TD na przylaczach,./0.png
19.0043665712054,49.8223769795725,"305","2361710",,BBB284133,,ŻN-10,,Rozgałęźno-przelotowo-krańcowy,PW1C TD na przylaczach,C:/Projekty/PW1C 11-12/PW1C 11-12.gpkg|layername=PW1C TD na przylaczach,./0.png
19.0071592301692,49.8222048499794,"306","2361737",,BBB284172,,ŻN-10,,Przelotowy,PW1C TD na przylaczach,C:/Projekty/PW1C 11-12/PW1C 11-12.gpkg|layername=PW1C TD na przylaczach,./0.png
19.0073325841196,49.8219901601924,"307","2361738",,BBB284174,,ŻN-10,,Przelotowy,PW1C TD na przylaczach,C:/Projekty/PW1C 11-12/PW1C 11-12.gpkg|layername=PW1C TD na przylaczach,./0.png
19.0075585802845,49.8217024498212,"308","2361739",,BBB284175,,ŻN-10,,Przelotowy,PW1C TD na przylaczach,C:/Projekty/PW1C 11-12/PW1C 11-12.gpkg|layername=PW1C TD na przylaczach,./0.png
19.0083181145322,49.8227682072738,"309","2361725",,BBB284154,,ŻN-10,,Przelotowy,PW1C TD na przylaczach,C:/Projekty/PW1C 11-12/PW1C 11-12.gpkg|layername=PW1C TD na przylaczach,./0.png
18.9984856930862,49.8242513907282,"310","2426206",,BBB007380,,ŻN-10,,Krańcowy,PW1C TD na przylaczach,C:/Projekty/PW1C 11-12/PW1C 11-12.gpkg|layername=PW1C TD na przylaczach,./0.png
18.9974649821797,49.8196769906258,"311","2462631",,BBB011412,,ŻN-10,,Przelotowy,PW1C TD na przylaczach,C:/Projekty/PW1C 11-12/PW1C 11-12.gpkg|layername=PW1C TD na przylaczach,./0.png
19.0031582017839,49.8244276240846,"312","2425790",,BBB007332,,Drewniany,,Krańcowy,PW1C TD na przylaczach,C:/Projekty/PW1C 11-12/PW1C 11-12.gpkg|layername=PW1C TD na przylaczach,./0.png
19.008432470254,49.8243026093753,"313","2340213",,BBB277847,,ŻN-10,,Krańcowy,PW1C TD na przylaczach,C:/Projekty/PW1C 11-12/PW1C 11-12.gpkg|layername=PW1C TD na przylaczach,./0.png
19.0050274088086,49.8238854814172,"314","2340223","23",BBB277857,,E 10.5/15,,Krańcowo-krańcowy,PW1C TD na przylaczach,C:/Projekty/PW1C 11-12/PW1C 11-12.gpkg|layername=PW1C TD na przylaczach,./0.png
18.9980903716683,49.8198780638935,"315","2462633",,BBB011414,,E 10.5/20,,Rozgałęźno-narożno-krańcowy,PW1C TD na przylaczach,C:/Projekty/PW1C 11-12/PW1C 11-12.gpkg|layername=PW1C TD na przylaczach,./0.png
18.9984080566444,49.8193204614309,"316","2462635",,BBB011416,,E 10.5/10,,Przelotowy,PW1C TD na przylaczach,C:/Projekty/PW1C 11-12/PW1C 11-12.gpkg|layername=PW1C TD na przylaczach,./0.png
18.9986530538381,49.8189046983782,"317","2462636",,BBB011417,,E 10.5/12,,Krańcowy,PW1C TD na przylaczach,C:/Projekty/PW1C 11-12/PW1C 11-12.gpkg|layername=PW1C TD na przylaczach,./0.png
19.0153842774472,49.8212127759902,"318","2669168",,BBB040630,,ŻN,,Krańcowy,PW1C TD na przylaczach,C:/Projekty/PW1C 11-12/PW1C 11-12.gpkg|layername=PW1C TD na przylaczach,./0.png
19.0108511444017,49.8189613543571,"319","2669237",,BBB040667,,E 10.5/6,,Odporowy,PW1C TD na przylaczach,C:/Projekty/PW1C 11-12/PW1C 11-12.gpkg|layername=PW1C TD na przylaczach,./0.png
19.0008695391885,49.8164548084486,"320","2553856",,BBB020973,,ŻN-10,,Przelotowy,PW1C TD na przylaczach,C:/Projekty/PW1C 11-12/PW1C 11-12.gpkg|layername=PW1C TD na przylaczach,./0.png
18.9979999728131,49.8225123179875,"326","2317973",,BBB273057,,ŻN-10,,Przelotowy,PW1C TD na przylaczach,C:/Projekty/PW1C 11-12/PW1C 11-12.gpkg|layername=PW1C TD na przylaczach,./0.png
18.9978852897561,49.8227111757609,"327","2317974",,BBB273059,,E 10.5/12,,Krańcowy,PW1C TD na przylaczach,C:/Projekty/PW1C 11-12/PW1C 11-12.gpkg|layername=PW1C TD na przylaczach,./0.png
19.0075545506402,49.82407730703,"333","2340216",,BBB277850,,ŻN,,Krańcowy,PW1C TD na przylaczach,C:/Projekty/PW1C 11-12/PW1C 11-12.gpkg|layername=PW1C TD na przylaczach,./0.png
19.0070521145925,49.8251062187352,"338","2345716",,BBB279762,,ŻN-10,,Krańcowy,PW1C TD na przylaczach,C:/Projekty/PW1C 11-12/PW1C 11-12.gpkg|layername=PW1C TD na przylaczach,./0.png
19.0068230655675,49.8254961715229,"339","2345717",,BBB279764,,ŻN-10,,Przelotowy,PW1C TD na przylaczach,C:/Projekty/PW1C 11-12/PW1C 11-12.gpkg|layername=PW1C TD na przylaczach,./0.png
19.003404339773,49.8255607252535,"347","2345663",,BBB279748,,ŻN-10,,Przelotowy,PW1C TD na przylaczach,C:/Projekty/PW1C 11-12/PW1C 11-12.gpkg|layername=PW1C TD na przylaczach,./0.png
19.0033707132757,49.8246151037252,"348","2426183",,BBB007357,,ŻN-10,,Odporowo-narożny,PW1C TD na przylaczach,C:/Projekty/PW1C 11-12/PW1C 11-12.gpkg|layername=PW1C TD na przylaczach,./0.png
19.0019108457447,49.8227714514248,"349","2426153",1/69,BBB007343,,ŻN-9,,Narożny,PW1C TD na przylaczach,C:/Projekty/PW1C 11-12/PW1C 11-12.gpkg|layername=PW1C TD na przylaczach,./0.png
18.9985561517094,49.824927540165,"351","2426203",,BBB007377,,ŻN-10,,Krańcowy,PW1C TD na przylaczach,C:/Projekty/PW1C 11-12/PW1C 11-12.gpkg|layername=PW1C TD na przylaczach,./0.png
18.9990653441162,49.8175787596969,"353","2462639",,BBB011420,,E,,Przelotowo-krańcowy,PW1C TD na przylaczach,C:/Projekty/PW1C 11-12/PW1C 11-12.gpkg|layername=PW1C TD na przylaczach,./0.png
18.9991286292499,49.8172824694351,"354","2462640",,BBB011421,,E 10.5/4.3,,Krańcowy,PW1C TD na przylaczach,C:/Projekty/PW1C 11-12/PW1C 11-12.gpkg|layername=PW1C TD na przylaczach,./0.png
18.9989736999724,49.8179522449779,"355","2462638",,BBB011419,,E 10.5/10,,Rozgałęźno-odporowo-narożno-krańcowy,PW1C TD na przylaczach,C:/Projekty/PW1C 11-12/PW1C 11-12.gpkg|layername=PW1C TD na przylaczach,./0.png
19.0003902747511,49.8245819725908,"356","2426198",,BBB007372,,ŻN-10,,Rozgałęźno-odporowo-narożno-krańcowy,PW1C TD na przylaczach,C:/Projekty/PW1C 11-12/PW1C 11-12.gpkg|layername=PW1C TD na przylaczach,./0.png
19.0006597256263,49.8228892969652,"357","2426182","32",BBB007356,,ŻN-10,,Krańcowy,PW1C TD na przylaczach,C:/Projekty/PW1C 11-12/PW1C 11-12.gpkg|layername=PW1C TD na przylaczach,./0.png
19.0011878996115,49.8247498108409,"358","2426189",,BBB007363,,ŻN-10,,Przelotowy,PW1C TD na przylaczach,C:/Projekty/PW1C 11-12/PW1C 11-12.gpkg|layername=PW1C TD na przylaczach,./0.png
18.9995099695881,49.8232106530839,"359","2426158",,BBB007348,,ŻN,,Przelotowy,PW1C TD na przylaczach,C:/Projekty/PW1C 11-12/PW1C 11-12.gpkg|layername=PW1C TD na przylaczach,./0.png
19.0132172603472,49.818634688276,"360","2669165",,BBB040627,,Drewniany,,Przelotowy,PW1C TD na przylaczach,C:/Projekty/PW1C 11-12/PW1C 11-12.gpkg|layername=PW1C TD na przylaczach,./0.png
19.0136539176185,49.8187862459134,"361","2669166",,BBB040628,,Drewniany,,Przelotowy,PW1C TD na przylaczach,C:/Projekty/PW1C 11-12/PW1C 11-12.gpkg|layername=PW1C TD na przylaczach,./0.png
19.0103085059979,49.8190602917063,"362","2669235",,BBB040665,,ŻN,,Krańcowy,PW1C TD na przylaczach,C:/Projekty/PW1C 11-12/PW1C 11-12.gpkg|layername=PW1C TD na przylaczach,./0.png
19.0117938348818,49.8180873029018,"363","2669234",,BBB040664,,Drewniany,,Przelotowy,PW1C TD na przylaczach,C:/Projekty/PW1C 11-12/PW1C 11-12.gpkg|layername=PW1C TD na przylaczach,./0.png
18.9986948556736,49.8246430181918,"364","2426204",,BBB007378,,ŻN-9,,Narożny,PW1C TD na przylaczach,C:/Projekty/PW1C 11-12/PW1C 11-12.gpkg|layername=PW1C TD na przylaczach,./0.png
18.9988789226081,49.8244266304427,"365","2426205",,BBB007379,,ŻN,,Rozgałęźno-odporowo-narożno-krańcowy,PW1C TD na przylaczach,C:/Projekty/PW1C 11-12/PW1C 11-12.gpkg|layername=PW1C TD na przylaczach,./0.png
19.0027729022331,49.8248303675248,"366","2426185",,BBB007359,,ŻN-10,,Przelotowy,PW1C TD na przylaczach,C:/Projekty/PW1C 11-12/PW1C 11-12.gpkg|layername=PW1C TD na przylaczach,./0.png
19.0005157360747,49.8222327826738,"367","2426160",,BBB007350,,ŻN-10,,Krańcowy,PW1C TD na przylaczach,C:/Projekty/PW1C 11-12/PW1C 11-12.gpkg|layername=PW1C TD na przylaczach,./0.png
18.9992081809392,49.8238476163062,"368","2426200",,BBB007374,,ŻN,,Krańcowy,PW1C TD na przylaczach,C:/Projekty/PW1C 11-12/PW1C 11-12.gpkg|layername=PW1C TD na przylaczach,./0.png
19.0020071647927,49.8231733548709,"369","2426151","29",BBB007341,,DANA,,Przelotowy,PW1C TD na przylaczach,C:/Projekty/PW1C 11-12/PW1C 11-12.gpkg|layername=PW1C TD na przylaczach,./0.png
19.0148858319465,49.8141790493886,"370","2425388",,BBB006836,,ŻN,,Narożny,PW1C TD na przylaczach,C:/Projekty/PW1C 11-12/PW1C 11-12.gpkg|layername=PW1C TD na przylaczach,./0.png
19.0147828978291,49.8139872951853,"371","2425389",,BBB006841,,ŻN-10,,Odporowo-narożny,PW1C TD na przylaczach,C:/Projekty/PW1C 11-12/PW1C 11-12.gpkg|layername=PW1C TD na przylaczach,./0.png
19.0025080802184,49.8233302973644,"372","2426150","28",BBB007340,,DANA,,Przelotowy,PW1C TD na przylaczach,C:/Projekty/PW1C 11-12/PW1C 11-12.gpkg|layername=PW1C TD na przylaczach,./0.png
19.0058856072512,49.8201308354131,"373","2814912",,BBB053476,,Drewniany,,Przelotowy,PW1C TD na przylaczach,C:/Projekty/PW1C 11-12/PW1C 11-12.gpkg|layername=PW1C TD na przylaczach,./0.png
19.000723221505,49.8246319331966,"374","2426191",,BBB007365,,ŻN-10,,Rozgałęźno-przelotowo-krańcowy,PW1C TD na przylaczach,C:/Projekty/PW1C 11-12/PW1C 11-12.gpkg|layername=PW1C TD na przylaczach,./0.png
18.9995923014345,49.8229792082439,"375","2426159",,BBB007349,,ŻN-9,,Narożny,PW1C TD na przylaczach,C:/Projekty/PW1C 11-12/PW1C 11-12.gpkg|layername=PW1C TD na przylaczach,./0.png
19.001561282594,49.8248443240301,"376","2426188",,BBB007362,,ŻN-10,,Przelotowy,PW1C TD na przylaczach,C:/Projekty/PW1C 11-12/PW1C 11-12.gpkg|layername=PW1C TD na przylaczach,./0.png
19.0020812266482,49.8249675830517,"377","2426187",,BBB007361,,ŻN-10,,Przelotowy,PW1C TD na przylaczach,C:/Projekty/PW1C 11-12/PW1C 11-12.gpkg|layername=PW1C TD na przylaczach,./0.png
19.0163122422898,49.8151945581246,"378","2642474",,BBB035202,,ŻN-10,,Narożny,PW1C TD na przylaczach,C:/Projekty/PW1C 11-12/PW1C 11-12.gpkg|layername=PW1C TD na przylaczach,./0.png
19.0035745862797,49.8237971483262,"383","2426146",,BBB007336,,ŻN-10,,Krańcowy,PW1C TD na przylaczach,C:/Projekty/PW1C 11-12/PW1C 11-12.gpkg|layername=PW1C TD na przylaczach,./0.png
19.003615435786,49.8235063552216,"384","2426147","26",BBB007337,,E 12/10,,Rozgałęźno-odporowo-narożno-krańcowy,PW1C TD na przylaczach,C:/Projekty/PW1C 11-12/PW1C 11-12.gpkg|layername=PW1C TD na przylaczach,./0.png
19.0106240664544,49.8192543049519,"385","2669236",,BBB040666,,E,,Odporowo-narożny,PW1C TD na przylaczach,C:/Projekty/PW1C 11-12/PW1C 11-12.gpkg|layername=PW1C TD na przylaczach,./0.png
19.0113753417454,49.8183332091534,"386","2669242",,BBB040672,,ŻN-10,,Przelotowy,PW1C TD na przylaczach,C:/Projekty/PW1C 11-12/PW1C 11-12.gpkg|layername=PW1C TD na przylaczach,./0.png
19.0116279256505,49.8180289296768,"387","2669243",,BBB040673,,ŻN-10,,Rozgałęźno-przelotowo-krańcowy,PW1C TD na przylaczach,C:/Projekty/PW1C 11-12/PW1C 11-12.gpkg|layername=PW1C TD na przylaczach,./0.png
19.0092542704473,49.8180082810717,"388","2669269",,BBB040683,,ŻN-9,,Przelotowy,PW1C TD na przylaczach,C:/Projekty/PW1C 11-12/PW1C 11-12.gpkg|layername=PW1C TD na przylaczach,./0.png
19.0094839256261,49.8177522484148,"389","2669270",,BBB040684,,ŻN-10,,Rozgałęźno-narożno-krańcowy,PW1C TD na przylaczach,C:/Projekty/PW1C 11-12/PW1C 11-12.gpkg|layername=PW1C TD na przylaczach,./0.png
19.0096890660522,49.8174335141857,"390","2669271",,BBB040685,,ŻN-10,,Odporowo-narożny,PW1C TD na przylaczach,C:/Projekty/PW1C 11-12/PW1C 11-12.gpkg|layername=PW1C TD na przylaczach,./0.png
19.0098815444996,49.8172924033645,"391","2669281",,BBB040695,,ŻN-10,,Rozgałęźno-przelotowo-krańcowy,PW1C TD na przylaczach,C:/Projekty/PW1C 11-12/PW1C 11-12.gpkg|layername=PW1C TD na przylaczach,./0.png
19.0100799893622,49.8171482370005,"392","2669282",,BBB040696,,ŻN-10,,Rozgałęźno-krańcowo-przelotowy,PW1C TD na przylaczach,C:/Projekty/PW1C 11-12/PW1C 11-12.gpkg|layername=PW1C TD na przylaczach,./0.png
19.0150234369076,49.8191496885382,"393","2669159",,BBB040621,,ALA,,Krańcowy,PW1C TD na przylaczach,C:/Projekty/PW1C 11-12/PW1C 11-12.gpkg|layername=PW1C TD na przylaczach,./0.png
19.0145062435296,49.8189711467395,"394","2669160",,BBB040622,,ALA,,Przelotowy,PW1C TD na przylaczach,C:/Projekty/PW1C 11-12/PW1C 11-12.gpkg|layername=PW1C TD na przylaczach,./0.png
18.9998174471025,49.8227212918393,"395","2426180","34",BBB007354,,E,,Rozgałęźno-odporowo-narożno-krańcowy,PW1C TD na przylaczach,C:/Projekty/PW1C 11-12/PW1C 11-12.gpkg|layername=PW1C TD na przylaczach,./0.png
19.0000782198149,49.822063334621,"396","2426177",,BBB007351,,Drewniany,,Rozgałęźno-przelotowo-krańcowy,PW1C TD na przylaczach,C:/Projekty/PW1C 11-12/PW1C 11-12.gpkg|layername=PW1C TD na przylaczach,./0.png
19.0166323016476,49.8153931104223,"397","2642475",,BBB035203,,ŻN-10,,Odporowo-narożny,PW1C TD na przylaczach,C:/Projekty/PW1C 11-12/PW1C 11-12.gpkg|layername=PW1C TD na przylaczach,./0.png
19.0002603526186,49.8183916923795,"398","2554149",,BBB020978,,E 10.5/10,,Odporowy,PW1C TD na przylaczach,C:/Projekty/PW1C 11-12/PW1C 11-12.gpkg|layername=PW1C TD na przylaczach,./0.png
19.0023619396617,49.8175429213476,"399","2554172",11/III,BBB021001,,ŻN-10,,Narożny,PW1C TD na przylaczach,C:/Projekty/PW1C 11-12/PW1C 11-12.gpkg|layername=PW1C TD na przylaczach,./0.png
19.0015189697347,49.8230231519345,"400","2426154","30",BBB007344,,DANA,,Rozgałęźno-odporowo-narożno-krańcowy,PW1C TD na przylaczach,C:/Projekty/PW1C 11-12/PW1C 11-12.gpkg|layername=PW1C TD na przylaczach,./0.png
19.0085479079224,49.8224493328528,"401","2361724",,BBB284153,,ŻN-10,,Przelotowy,PW1C TD na przylaczach,C:/Projekty/PW1C 11-12/PW1C 11-12.gpkg|layername=PW1C TD na przylaczach,./0.png
19.0143246857822,49.8139586847496,"402","2425390",,BBB006846,,ŻN-10,,Narożny,PW1C TD na przylaczach,C:/Projekty/PW1C 11-12/PW1C 11-12.gpkg|layername=PW1C TD na przylaczach,./0.png
19.0126485713702,49.8150993515638,"403","2425647",,BBB006881,,ALA-12,,Przelotowy,PW1C TD na przylaczach,C:/Projekty/PW1C 11-12/PW1C 11-12.gpkg|layername=PW1C TD na przylaczach,./0.png
19.0040711480057,49.8236250182888,"404","2426145","25",BBB007335,,E 10.5/6,,Przelotowy,PW1C TD na przylaczach,C:/Projekty/PW1C 11-12/PW1C 11-12.gpkg|layername=PW1C TD na przylaczach,./0.png
19.0062647376731,49.8203918270815,"405","2816865",,BBB053477,,Drewniany,,Przelotowy,PW1C TD na przylaczach,C:/Projekty/PW1C 11-12/PW1C 11-12.gpkg|layername=PW1C TD na przylaczach,./0.png
19.0005333886303,49.8249942811587,"406","2426190",,BBB007364,,ŻN-10,,Krańcowy,PW1C TD na przylaczach,C:/Projekty/PW1C 11-12/PW1C 11-12.gpkg|layername=PW1C TD na przylaczach,./0.png
19.018214067434,49.8160028773755,"407","2686169",,BBB042024,,ŻN-10,,Odporowo-krańcowy,PW1C TD na przylaczach,C:/Projekty/PW1C 11-12/PW1C 11-12.gpkg|layername=PW1C TD na przylaczach,./0.png
18.9992322147782,49.8244968490057,"408","2426202",,BBB007376,,ŻN-10,,Krańcowy,PW1C TD na przylaczach,C:/Projekty/PW1C 11-12/PW1C 11-12.gpkg|layername=PW1C TD na przylaczach,./0.png
19.0002609814331,49.8228386002885,"409","2426181","33",BBB007355,,DANA,,Narożny,PW1C TD na przylaczach,C:/Projekty/PW1C 11-12/PW1C 11-12.gpkg|layername=PW1C TD na przylaczach,./0.png
18.9994186775112,49.8235657923409,"410","2426157",,BBB007347,,ŻN-10,,Krańcowy,PW1C TD na przylaczach,C:/Projekty/PW1C 11-12/PW1C 11-12.gpkg|layername=PW1C TD na przylaczach,./0.png
19.0026108157429,49.8250967267641,"411","2426186",,BBB007360,,ŻN-10,,Narożny,PW1C TD na przylaczach,C:/Projekty/PW1C 11-12/PW1C 11-12.gpkg|layername=PW1C TD na przylaczach,./0.png
19.0077557022249,49.8214385482063,"412","2361764","3",BBB284187,,ŻN-10,,Rozgałęźno-odporowo-narożno-krańcowy,PW1C TD na przylaczach,C:/Projekty/PW1C 11-12/PW1C 11-12.gpkg|layername=PW1C TD na przylaczach,./0.png
19.0032580791525,49.8259161545071,"413","2345662",,BBB279745,,ŻN-10,,Krańcowy,PW1C TD na przylaczach,C:/Projekty/PW1C 11-12/PW1C 11-12.gpkg|layername=PW1C TD na przylaczach,./0.png
19.0005313247487,49.8243349412895,"419","2426197",,BBB007371,,ŻN-10,,Przelotowy,PW1C TD na przylaczach,C:/Projekty/PW1C 11-12/PW1C 11-12.gpkg|layername=PW1C TD na przylaczach,./0.png
18.9983640419334,49.8177184102159,"421","2462678",,BBB011459,,"E 10,5/10c",,Narożny,,,./0.png
18.9980282276589,49.8176326807858,"422","2462679",,BBB011460,,E 10.5/6,,Narożny,,,./0.png
18.9980030767381,49.8174517244239,"423","2462689",,BBB011470,,ŻN-10,,Rozgałęźno-przelotowo-krańcowy,,,./0.png
18.9979247236858,49.8179069544725,"424","2462690",,BBB011471,,ŻN-10,,Odporowy,,,./0.png
18.9978515137114,49.8181933847046,"425","2462691",,BBB011472,,ŻN-10,,Przelotowy,,,./0.png
18.9977575211048,49.8185194042342,"426","2462692",,BBB011473,,ŻN-10,,Przelotowy,,,./0.png
18.9973630638403,49.8192749875971,"427","2462696",,BBB011477,,ŻN-10,,Przelotowy,,,./0.png
18.9975554030307,49.8189060230339,"428","2462695",,BBB011476,,ŻN-10,,Rozgałęźno-przelotowo-krańcowy,,,./0.png
19.0001963397678,49.8216777872216,"429","2554194",2/II,BBB021023,,ŻN,,Narożny,,,./0.png
19.0006886632503,49.8240758192623,"431","2426196",,BBB007370,,ŻN-10,,Przelotowy,,,./0.png
19.0091079238193,49.8242975395448,"432","2340210",,BBB277844,,ŻN-10,,Narożny,,,./0.png
19.0057171790884,49.8209759844311,"433","2361703",,BBB284124,,ŻN-10,,Krańcowy,,,./0.png
19.0051416798364,49.8208628805948,"434","2361704",,BBB284126,,ŻN-10,,Narożny,,,./0.png
19.0062355739388,49.8221939275489,"436","2361700",,BBB284121,,ŻN-10,,Krańcowy,,,./0.png
19.0055027823925,49.8198677435323,"437","2814911",,BBB053475,,"E 10,5/10c",,Krańcowy,,,./0.png
19.0029103761863,49.8177527716457,"438","2554171",12/III,BBB021000,,ŻN-10,,Przelotowy,,,./0.png
19.0033304447071,49.8182653380293,"439","2554169",,BBB020998,,E 10.5/4.3,,Narożny,,,./0.png
19.0034437646954,49.8179833315559,"440","2554170",13/III,BBB020999,,ŻN-10,,Krańcowy,,,./0.png
19.0009584964973,49.8160610415621,"441","2553855",,BBB020972,,E 10.5/10,,Odporowo-narożny,,,./0.png
19.0142073354257,49.8215986630526,"442","2669172",,BBB040634,,ŻN-10,,Przelotowy,,,./0.png
19.0141395225529,49.8218464012437,"443","2669171",,BBB040633,,ŻN-10,,Krańcowy,,,./0.png
19.0143741651912,49.8212456920017,"444","2669174",,BBB040636,,ŻN-10,,Rozgałęźno-przelotowo-krańcowy,,,./0.png
19.0131021931963,49.8182873031487,"445","2669285",,BBB040699,,E 10.5/10,,Krańcowy,,,./0.png
19.0155983864022,49.8185904233423,"446","2686072",,BBB041975,,ŻN-10,,Rozgałęźno-przelotowo-krańcowy,,,./0.png
19.0153959053774,49.8188227798085,"447","2686073",,BBB041976,,ŻN-10,,Przelotowy,,,./0.png
19.0152385747605,49.8190511707072,"448","2686074",,BBB041977,,ŻN-10,,Przelotowy,,,./0.png
19.0144017510978,49.8177793888553,"449","2395366",,BBB291312,,ALA-12,,Przelotowy,,,./0.png
19.0132688258752,49.8180574580873,"450","2669286",,BBB040700,,ALA-10,,Przelotowy,,,./0.png
19.0150162851313,49.817932324583,"451","2395367",,BBB291313,,ALA-12,,Przelotowy,,,./0.png
19.0158863847822,49.8182258587612,"452","2395369",,BBB291315,,ALA-12,,Odporowo-narożny,,,./0.png
19.0154416580814,49.818063329462,"453","2395368",,BBB291314,,ALA-12,,Przelotowy,,,./0.png
19.0140440117983,49.8176806169821,"454","2395365",,BBB291311,,E 10.5/10,,Odporowy,,,./0.png
19.0158011363555,49.8183564006929,"455","2686069",,BBB041972,,ŻN-10,,Przelotowy,,,./0.png
19.0134379125364,49.8178347306975,"456","2669287",,BBB040701,,E 10.5/2.5,,Przelotowy,,,./0.png
19.0136476995104,49.817558704144,"457","2395370",,BBB291316,,E,,Przelotowy,,,./0.png
19.014049186016,49.8147631168473,"458","2425636",,BBB006860,,ŻN,,Odporowo-narożny,,,./0.png
19.0143890933051,49.8148720615039,"459","2425637",,BBB006862,,ŻN,,Przelotowy,,,./0.png
19.0148485056714,49.8150187757831,"460","2425638",,BBB006864,,ŻN-9,,Narożny,,,./0.png
19.0150378102336,49.8148234283265,"461","2425639",,BBB006866,,ŻN-9,,Krańcowo-krańcowy,,,./0.png
19.0149237340729,49.8146790590524,"462","2425640",,BBB006868,,ŻN,,Krańcowy,,,./0.png
19.0101834247082,49.817338597173,"463","2669278",,BBB040692,,ALA,,Narożny,,,./0.png
19.0183519940885,49.816557350745,"464","2686146",,BBB042001,,Drewniany,,Przelotowy,,,./0.png
19.0179119335465,49.8184300829143,"465","2686079",,BBB041982,,ŻN-10,,Przelotowy,,,./0.png
19.0181928271871,49.8181289374324,"466","2686080",,BBB041983,,ŻN-10,,Przelotowy,,,./0.png
19.0190242542152,49.8173099069998,"467","2686179",,BBB042034,,ŻN,,Przelotowy,,,./0.png
19.0186986537727,49.8176110051519,"472","2686099",,BBB041986,,ŻN,,Rozgałęźno-przelotowo-krańcowy,,,./0.png
19.01883417907,49.8167760072994,"473","2686147",,BBB042002,,Drewniany,,Przelotowy,,,./0.png
19.0193422387157,49.8170023559331,"474","2686148",,BBB042003,,ŻN-10,,Rozgałęźno-przelotowo-krańcowy,,,./0.png
19.018434623904,49.8178775638218,"477","2686098",,BBB041985,,E 10.5/12,,Przelotowy,,,./0.png
19.0169878733263,49.8151808264578,"478","2642476",,BBB035204,,Drewniany,,Odporowo-narożny,,,./0.png
