X,Y,fid,ID Bob,ID_BUDYNKU_PK,SYM_MIEJSCOWOSCI,WOJEWODZTWO_NAZWA,POWIAT_NAZWA,GMINA_NAZWA,NAZWA_MIEJSCOWOSCI,SYM_UL,PREFIX_UL,NAZWA_ULICY,NR_BUDYNKU,WSP_Y,WSP_X,LOKALE_RAZEM (po weryfikacji),MDU/SDU,FUNKCJA_BUDYNKU,Typ inwestycji,_OBSZAR_OLT,field_19,field_20,Planowany termin oddania,weryfikacja,icon_url
19.015065,49.814641,"11","45877248","184488","923584",śląskie,Bielsko-Biała,Bielsko-Biała,Bielsko-Biała,"157",ul,Akacjowa,"19",49.814641,19.015065,"1",SDU non-penetrated,Mieszkalny - jednorodzinny, zamieszkały,B2C - Greenfield,NEW_OLT_Bielsko-Biała_2,Do zlecenia,30-11-2023,OK,./0.png
19.014854,49.814537,"12","45877255","184489","923584",śląskie,Bielsko-Biała,Bielsko-Biała,Bielsko-Biała,"157",ul,Akacjowa,"21",49.814537,19.014854,"1",SDU non-penetrated,Mieszkalny - jednorodzinny, zamieszkały,B2C - Greenfield,NEW_OLT_Bielsko-Biała_2,Do zlecenia,30-11-2023,OK,./0.png
19.003984,49.824557,"222","45885651","185334","923584",śląskie,Bielsko-Biała,Bielsko-Biała,Bielsko-Biała,"1054",ul,Berestecka,"15",49.824557,19.003984,"1",SDU non-penetrated,Mieszkalny - jednorodzinny, niezamieszkały,B2C - Greenfield,NEW_OLT_Bielsko-Biała_2,Do zlecenia,30-11-2023,OK,./0.png
19.003609,49.82447,"223","45885658","185335","923584",śląskie,Bielsko-Biała,Bielsko-Biała,Bielsko-Biała,"1054",ul,Berestecka,"17",49.82447,19.003609,"1",SDU non-penetrated,Mieszkalny - jednorodzinny, zamieszkały,B2C - Greenfield,NEW_OLT_Bielsko-Biała_2,Do zlecenia,30-11-2023,OK,./0.png
19.003489,49.823994,"224","45885665","185336","923584",śląskie,Bielsko-Biała,Bielsko-Biała,Bielsko-Biała,"1054",ul,Berestecka,"25",49.823994,19.003489,"2",SDU non-penetrated,Mieszkalny - jednorodzinny, zamieszkały,B2C - Greenfield,NEW_OLT_Bielsko-Biała_2,Do zlecenia,30-11-2023,OK,./0.png
19.002606,49.82436,"225","45885672","185337","923584",śląskie,Bielsko-Biała,Bielsko-Biała,Bielsko-Biała,"1054",ul,Berestecka,"6",49.82436,19.002606,"1",SDU non-penetrated,Mieszkalny - jednorodzinny, zamieszkały,B2C - Greenfield,NEW_OLT_Bielsko-Biała_2,Do zlecenia,30-11-2023,OK,./0.png
19.013109,49.818724,"339","45892025","185968","923584",śląskie,Bielsko-Biała,Bielsko-Biała,Bielsko-Biała,"2058",ul,Bratków,"12",49.818724,19.013109,"1",SDU non-penetrated,Mieszkalny - jednorodzinny, zamieszkały,B2C - Greenfield,NEW_OLT_Bielsko-Biała_2,Do zlecenia,30-11-2023,OK,./0.png
19.011752,49.818202,"340","45892053","185972","923584",śląskie,Bielsko-Biała,Bielsko-Biała,Bielsko-Biała,"2058",ul,Bratków,"24",49.818202,19.011752,"1",SDU non-penetrated,Mieszkalny - jednorodzinny, zamieszkały,B2C - Greenfield,NEW_OLT_Bielsko-Biała_2,Do zlecenia,30-11-2023,OK,./0.png
19.013618,49.818918,"341","45892102","185979","923584",śląskie,Bielsko-Biała,Bielsko-Biała,Bielsko-Biała,"2058",ul,Bratków,"8",49.818918,19.013618,"2",SDU non-penetrated,Mieszkalny - jednorodzinny, zamieszkały,B2C - Greenfield,NEW_OLT_Bielsko-Biała_2,Do zlecenia,30-11-2023,OK,./0.png
19.015823,49.818861,"342","45892299","185999","923584",śląskie,Bielsko-Biała,Bielsko-Biała,Bielsko-Biała,"2104",ul,Brodzińskiego,28A,49.818861,19.015823,"2",SDU non-penetrated,Mieszkalny - jednorodzinny, niezamieszkały,B2C - Greenfield,NEW_OLT_Bielsko-Biała_2,Do zlecenia,30-11-2023,OK,./0.png
19.014086,49.822107,"343","45892425","186017","923584",śląskie,Bielsko-Biała,Bielsko-Biała,Bielsko-Biała,"2104",ul,Brodzińskiego,45B,49.822107,19.014086,"1",SDU non-penetrated,Mieszkalny - jednorodzinny, zamieszkały,B2C - Greenfield,NEW_OLT_Bielsko-Biała_2,Do zlecenia,30-11-2023,OK,./0.png
19.015737,49.823156,"344","45892432","186018","923584",śląskie,Bielsko-Biała,Bielsko-Biała,Bielsko-Biała,"2104",ul,Brodzińskiego,"47",49.823156,19.015737,"1",SDU non-penetrated,Mieszkalny - jednorodzinny, niezamieszkały,B2C - Greenfield,NEW_OLT_Bielsko-Biała_2,Do zlecenia,30-11-2023,OK,./0.png
19.015833,49.823666,"345","45892460","186022","923584",śląskie,Bielsko-Biała,Bielsko-Biała,Bielsko-Biała,"2104",ul,Brodzińskiego,"50",49.823666,19.015833,"2",SDU non-penetrated,Mieszkalny - jednorodzinny, niezamieszkały,B2C - Greenfield,NEW_OLT_Bielsko-Biała_2,Do zlecenia,30-11-2023,OK,./0.png
19.018192,49.816096,"346","45892495","186027","923584",śląskie,Bielsko-Biała,Bielsko-Biała,Bielsko-Biała,"2104",ul,Brodzińskiego,"8",49.816096,19.018192,"3",MDU non-penetrated,Mieszkalny - jednorodzinny, zamieszkały,B2C - Greenfield,NEW_OLT_Bielsko-Biała_2,Do zlecenia,30-11-2023,OK,./0.png
19.015156,49.82132,"368","45895066","186287","923584",śląskie,Bielsko-Biała,Bielsko-Biała,Bielsko-Biała,"2387",ul,Bukowa,"65",49.82132,19.015156,"1",SDU non-penetrated,Mieszkalny - jednorodzinny, zamieszkały,B2C - Greenfield,NEW_OLT_Bielsko-Biała_2,Do zlecenia,30-11-2023,OK,./0.png
19.000556,49.822115,"447","45899320","186723","923584",śląskie,Bielsko-Biała,Bielsko-Biała,Bielsko-Biała,"2790",ul,Chocimska,"4",49.822115,19.000556,"1",SDU non-penetrated,Mieszkalny - jednorodzinny, zamieszkały,B2C - Greenfield,NEW_OLT_Bielsko-Biała_2,Do zlecenia,30-11-2023,OK,./0.png
19.000787,49.822154,"448","45899327","186724","923584",śląskie,Bielsko-Biała,Bielsko-Biała,Bielsko-Biała,"2790",ul,Chocimska,"6",49.822154,19.000787,"1",SDU non-penetrated,Mieszkalny - jednorodzinny, zamieszkały,B2C - Greenfield,NEW_OLT_Bielsko-Biała_2,Do zlecenia,30-11-2023,OK,./0.png
19.001346,49.822659,"449","45899334","186725","923584",śląskie,Bielsko-Biała,Bielsko-Biała,Bielsko-Biała,"2790",ul,Chocimska,"7",49.822659,19.001346,"1",SDU non-penetrated,Mieszkalny - jednorodzinny, zamieszkały,B2C - Greenfield,NEW_OLT_Bielsko-Biała_2,Do zlecenia,30-11-2023,OK,./0.png
19.014713,49.813813,"457","45899944","186794","923584",śląskie,Bielsko-Biała,Bielsko-Biała,Bielsko-Biała,"3061",ul,Cieszyńska,"148",49.813813,19.014713,"2",SDU non-penetrated,Mieszkalny - jednorodzinny, zamieszkały,B2C - Greenfield,NEW_OLT_Bielsko-Biała_2,Do zlecenia,30-11-2023,OK,./0.png
19.001236,49.820332,"474","45902193","186961","923584",śląskie,Bielsko-Biała,Bielsko-Biała,Bielsko-Biała,"3112",ul,Ciżemki,"11",49.820332,19.001236,"1",SDU non-penetrated,Mieszkalny - jednorodzinny, zamieszkały,B2C - Greenfield,NEW_OLT_Bielsko-Biała_2,Do zlecenia,30-11-2023,OK,./0.png
19.001334,49.819611,"475","45902200","186962","923584",śląskie,Bielsko-Biała,Bielsko-Biała,Bielsko-Biała,"3112",ul,Ciżemki,"18",49.819611,19.001334,"1",SDU non-penetrated,Mieszkalny - jednorodzinny, zamieszkały,B2C - Greenfield,NEW_OLT_Bielsko-Biała_2,Do zlecenia,30-11-2023,OK,./0.png
19.001137,49.819541,"476","45902207","186963","923584",śląskie,Bielsko-Biała,Bielsko-Biała,Bielsko-Biała,"3112",ul,Ciżemki,"20",49.819541,19.001137,"1",SDU non-penetrated,Mieszkalny - jednorodzinny, zamieszkały,B2C - Greenfield,NEW_OLT_Bielsko-Biała_2,Do zlecenia,30-11-2023,OK,./0.png
19.002221,49.819625,"477","45902214","186964","923584",śląskie,Bielsko-Biała,Bielsko-Biała,Bielsko-Biała,"3112",ul,Ciżemki,21A,49.819625,19.002221,"1",SDU non-penetrated,Mieszkalny - jednorodzinny, zamieszkały,B2C - Greenfield,NEW_OLT_Bielsko-Biała_2,Do zlecenia,30-11-2023,OK,./0.png
19.002655,49.819766,"478","45902221","186965","923584",śląskie,Bielsko-Biała,Bielsko-Biała,Bielsko-Biała,"3112",ul,Ciżemki,21B,49.819766,19.002655,"1",SDU non-penetrated,Mieszkalny - jednorodzinny, zamieszkały,B2C - Greenfield,NEW_OLT_Bielsko-Biała_2,Do zlecenia,30-11-2023,OK,./0.png
19.001013,49.819508,"479","45902228","186966","923584",śląskie,Bielsko-Biała,Bielsko-Biała,Bielsko-Biała,"3112",ul,Ciżemki,"22",49.819508,19.001013,"1",SDU non-penetrated,Mieszkalny - jednorodzinny, zamieszkały,B2C - Greenfield,NEW_OLT_Bielsko-Biała_2,Do zlecenia,30-11-2023,OK,./0.png
19.002057,49.819211,"480","45902235","186967","923584",śląskie,Bielsko-Biała,Bielsko-Biała,Bielsko-Biała,"3112",ul,Ciżemki,"23",49.819211,19.002057,"1",SDU non-penetrated,Mieszkalny - jednorodzinny, zamieszkały,B2C - Greenfield,NEW_OLT_Bielsko-Biała_2,Do zlecenia,30-11-2023,OK,./0.png
19.003073,49.819158,"481","45902256","186970","923584",śląskie,Bielsko-Biała,Bielsko-Biała,Bielsko-Biała,"3112",ul,Ciżemki,23C,49.819158,19.003073,"1",SDU non-penetrated,Mieszkalny - jednorodzinny, zamieszkały,B2C - Greenfield,NEW_OLT_Bielsko-Biała_2,Do zlecenia,30-11-2023,OK,./0.png
19.000816,49.819443,"482","45902263","186971","923584",śląskie,Bielsko-Biała,Bielsko-Biała,Bielsko-Biała,"3112",ul,Ciżemki,"24",49.819443,19.000816,"1",SDU non-penetrated,Mieszkalny - jednorodzinny, zamieszkały,B2C - Greenfield,NEW_OLT_Bielsko-Biała_2,Do zlecenia,30-11-2023,OK,./0.png
19.000614,49.819378,"483","45902277","186973","923584",śląskie,Bielsko-Biała,Bielsko-Biała,Bielsko-Biała,"3112",ul,Ciżemki,"26",49.819378,19.000614,"1",SDU non-penetrated,Mieszkalny - jednorodzinny, zamieszkały,B2C - Greenfield,NEW_OLT_Bielsko-Biała_2,Do zlecenia,30-11-2023,OK,./0.png
19.002557,49.818939,"484","45902284","186974","923584",śląskie,Bielsko-Biała,Bielsko-Biała,Bielsko-Biała,"3112",ul,Ciżemki,"27",49.818939,19.002557,"1",SDU non-penetrated,Mieszkalny - jednorodzinny, zamieszkały,B2C - Greenfield,NEW_OLT_Bielsko-Biała_2,Do zlecenia,30-11-2023,OK,./0.png
19.000467,49.819354,"485","45902291","186975","923584",śląskie,Bielsko-Biała,Bielsko-Biała,Bielsko-Biała,"3112",ul,Ciżemki,"28",49.819354,19.000467,"1",SDU non-penetrated,Mieszkalny - jednorodzinny, zamieszkały,B2C - Greenfield,NEW_OLT_Bielsko-Biała_2,Do zlecenia,30-11-2023,OK,./0.png
19.002905,49.818506,"486","45902319","186979","923584",śląskie,Bielsko-Biała,Bielsko-Biała,Bielsko-Biała,"3112",ul,Ciżemki,"33",49.818506,19.002905,"1",SDU non-penetrated,Mieszkalny - jednorodzinny, zamieszkały,B2C - Greenfield,NEW_OLT_Bielsko-Biała_2,Do zlecenia,30-11-2023,OK,./0.png
19.000223,49.818865,"487","45902333","186981","923584",śląskie,Bielsko-Biała,Bielsko-Biała,Bielsko-Biała,"3112",ul,Ciżemki,"36",49.818865,19.000223,"1",SDU non-penetrated,Mieszkalny - jednorodzinny, zamieszkały,B2C - Greenfield,NEW_OLT_Bielsko-Biała_2,Do zlecenia,30-11-2023,OK,./0.png
19.000331,49.818895,"488","45902340","186982","923584",śląskie,Bielsko-Biała,Bielsko-Biała,Bielsko-Biała,"3112",ul,Ciżemki,"38",49.818895,19.000331,"1",SDU non-penetrated,Mieszkalny - jednorodzinny, zamieszkały,B2C - Greenfield,NEW_OLT_Bielsko-Biała_2,Do zlecenia,30-11-2023,OK,./0.png
19.002417,49.817947,"489","45902347","186983","923584",śląskie,Bielsko-Biała,Bielsko-Biała,Bielsko-Biała,"3112",ul,Ciżemki,"39",49.817947,19.002417,"1",SDU non-penetrated,Mieszkalny - jednorodzinny, zamieszkały,B2C - Greenfield,NEW_OLT_Bielsko-Biała_2,Do zlecenia,30-11-2023,OK,./0.png
19.000453,49.818936,"490","45902354","186984","923584",śląskie,Bielsko-Biała,Bielsko-Biała,Bielsko-Biała,"3112",ul,Ciżemki,"40",49.818936,19.000453,"1",SDU non-penetrated,Mieszkalny - jednorodzinny, zamieszkały,B2C - Greenfield,NEW_OLT_Bielsko-Biała_2,Do zlecenia,30-11-2023,OK,./0.png
19.000563,49.818969,"491","45902361","186985","923584",śląskie,Bielsko-Biała,Bielsko-Biała,Bielsko-Biała,"3112",ul,Ciżemki,"42",49.818969,19.000563,"1",SDU non-penetrated,Mieszkalny - jednorodzinny, zamieszkały,B2C - Greenfield,NEW_OLT_Bielsko-Biała_2,Do zlecenia,30-11-2023,OK,./0.png
19.003055,49.818266,"492","45902368","186986","923584",śląskie,Bielsko-Biała,Bielsko-Biała,Bielsko-Biała,"3112",ul,Ciżemki,"43",49.818266,19.003055,"1",SDU non-penetrated,Mieszkalny - jednorodzinny, niezamieszkały,B2C - Greenfield,NEW_OLT_Bielsko-Biała_2,Do zlecenia,30-11-2023,OK,./0.png
19.00068,49.81901,"493","45902382","186988","923584",śląskie,Bielsko-Biała,Bielsko-Biała,Bielsko-Biała,"3112",ul,Ciżemki,"44",49.81901,19.00068,"1",SDU non-penetrated,Mieszkalny - jednorodzinny, zamieszkały,B2C - Greenfield,NEW_OLT_Bielsko-Biała_2,Do zlecenia,30-11-2023,OK,./0.png
19.000891,49.81911,"494","45902396","186990","923584",śląskie,Bielsko-Biała,Bielsko-Biała,Bielsko-Biała,"3112",ul,Ciżemki,"46",49.81911,19.000891,"1",SDU non-penetrated,Mieszkalny - jednorodzinny, zamieszkały,B2C - Greenfield,NEW_OLT_Bielsko-Biała_2,Do zlecenia,30-11-2023,OK,./0.png
19.000975,49.819131,"495","45902403","186991","923584",śląskie,Bielsko-Biała,Bielsko-Biała,Bielsko-Biała,"3112",ul,Ciżemki,"48",49.819131,19.000975,"1",SDU non-penetrated,Mieszkalny - jednorodzinny, zamieszkały,B2C - Greenfield,NEW_OLT_Bielsko-Biała_2,Do zlecenia,30-11-2023,OK,./0.png
19.00112,49.819223,"496","45902417","186993","923584",śląskie,Bielsko-Biała,Bielsko-Biała,Bielsko-Biała,"3112",ul,Ciżemki,"50",49.819223,19.00112,"1",SDU non-penetrated,Mieszkalny - jednorodzinny, zamieszkały,B2C - Greenfield,NEW_OLT_Bielsko-Biała_2,Do zlecenia,30-11-2023,OK,./0.png
19.001204,49.819244,"497","45902424","186994","923584",śląskie,Bielsko-Biała,Bielsko-Biała,Bielsko-Biała,"3112",ul,Ciżemki,"52",49.819244,19.001204,"1",SDU non-penetrated,Mieszkalny - jednorodzinny, zamieszkały,B2C - Greenfield,NEW_OLT_Bielsko-Biała_2,Do zlecenia,30-11-2023,OK,./0.png
19.001338,49.819328,"498","45902431","186995","923584",śląskie,Bielsko-Biała,Bielsko-Biała,Bielsko-Biała,"3112",ul,Ciżemki,"54",49.819328,19.001338,"1",SDU non-penetrated,Mieszkalny - jednorodzinny, zamieszkały,B2C - Greenfield,NEW_OLT_Bielsko-Biała_2,Do zlecenia,30-11-2023,OK,./0.png
19.001626,49.819011,"499","45902445","186997","923584",śląskie,Bielsko-Biała,Bielsko-Biała,Bielsko-Biała,"3112",ul,Ciżemki,"58",49.819011,19.001626,"1",SDU non-penetrated,Mieszkalny - jednorodzinny, zamieszkały,B2C - Greenfield,NEW_OLT_Bielsko-Biała_2,Do zlecenia,30-11-2023,OK,./0.png
19.001698,49.817145,"500","45902459","186999","923584",śląskie,Bielsko-Biała,Bielsko-Biała,Bielsko-Biała,"3112",ul,Ciżemki,76A,49.817145,19.001698,"1",SDU non-penetrated,Mieszkalny - jednorodzinny, zamieszkały,B2C - Greenfield,NEW_OLT_Bielsko-Biała_2,Do zlecenia,30-11-2023,OK,./0.png
19.000318,49.820214,"501","45902466","187000","923584",śląskie,Bielsko-Biała,Bielsko-Biała,Bielsko-Biała,"3112",ul,Ciżemki,"8",49.820214,19.000318,"1",SDU non-penetrated,Mieszkalny - jednorodzinny, zamieszkały,B2C - Greenfield,NEW_OLT_Bielsko-Biała_2,Do zlecenia,30-11-2023,OK,./0.png
19.000627,49.819721,"502","45902487","7362213","923584",śląskie,Bielsko-Biała,Bielsko-Biała,Bielsko-Biała,"3112",ul,Ciżemki,"14",49.819721,19.000627,"1",SDU non-penetrated,Mieszkalny - jednorodzinny, zamieszkały,B2C - Greenfield,NEW_OLT_Bielsko-Biała_2,Do zlecenia,30-11-2023,OK,./0.png
19.000438,49.819663,"503","45902494","7362214","923584",śląskie,Bielsko-Biała,Bielsko-Biała,Bielsko-Biała,"3112",ul,Ciżemki,14A,49.819663,19.000438,"1",SDU non-penetrated,Mieszkalny - jednorodzinny, zamieszkały,B2C - Greenfield,NEW_OLT_Bielsko-Biała_2,Do zlecenia,30-11-2023,OK,./0.png
19.000628,49.818605,"691","45909031","187692","923584",śląskie,Bielsko-Biała,Bielsko-Biała,Bielsko-Biała,"3851",ul,Długosza,"11",49.818605,19.000628,"1",SDU non-penetrated,Mieszkalny - jednorodzinny, zamieszkały,B2C - Greenfield,NEW_OLT_Bielsko-Biała_2,Do zlecenia,30-11-2023,OK,./0.png
19.000501,49.818563,"692","45909038","187693","923584",śląskie,Bielsko-Biała,Bielsko-Biała,Bielsko-Biała,"3851",ul,Długosza,"13",49.818563,19.000501,"1",SDU non-penetrated,Mieszkalny - jednorodzinny, zamieszkały,B2C - Greenfield,NEW_OLT_Bielsko-Biała_2,Do zlecenia,30-11-2023,OK,./0.png
19.000312,49.818462,"693","45909045","187694","923584",śląskie,Bielsko-Biała,Bielsko-Biała,Bielsko-Biała,"3851",ul,Długosza,"15",49.818462,19.000312,"1",SDU non-penetrated,Mieszkalny - jednorodzinny, zamieszkały,B2C - Greenfield,NEW_OLT_Bielsko-Biała_2,Do zlecenia,30-11-2023,OK,./0.png
18.999949,49.818206,"694","45909052","187695","923584",śląskie,Bielsko-Biała,Bielsko-Biała,Bielsko-Biała,"3851",ul,Długosza,"17",49.818206,18.999949,"1",SDU non-penetrated,Mieszkalny - jednorodzinny, zamieszkały,B2C - Greenfield,NEW_OLT_Bielsko-Biała_2,Do zlecenia,30-11-2023,OK,./0.png
19.001366,49.818751,"695","45909059","187696","923584",śląskie,Bielsko-Biała,Bielsko-Biała,Bielsko-Biała,"3851",ul,Długosza,"3",49.818751,19.001366,"1",SDU non-penetrated,Mieszkalny - jednorodzinny, zamieszkały,B2C - Greenfield,NEW_OLT_Bielsko-Biała_2,Do zlecenia,30-11-2023,OK,./0.png
19.001232,49.818891,"696","45909066","187697","923584",śląskie,Bielsko-Biała,Bielsko-Biała,Bielsko-Biała,"3851",ul,Długosza,"5",49.818891,19.001232,"1",SDU non-penetrated,Mieszkalny - jednorodzinny, zamieszkały,B2C - Greenfield,NEW_OLT_Bielsko-Biała_2,Do zlecenia,30-11-2023,OK,./0.png
19.000989,49.818735,"697","45909080","187699","923584",śląskie,Bielsko-Biała,Bielsko-Biała,Bielsko-Biała,"3851",ul,Długosza,"7",49.818735,19.000989,"1",SDU non-penetrated,Mieszkalny - jednorodzinny, zamieszkały,B2C - Greenfield,NEW_OLT_Bielsko-Biała_2,Do zlecenia,30-11-2023,OK,./0.png
19.000841,49.818694,"698","45909108","187703","923584",śląskie,Bielsko-Biała,Bielsko-Biała,Bielsko-Biała,"3851",ul,Długosza,"9",49.818694,19.000841,"1",SDU non-penetrated,Mieszkalny - jednorodzinny, zamieszkały,B2C - Greenfield,NEW_OLT_Bielsko-Biała_2,Do zlecenia,30-11-2023,OK,./0.png
18.999297,49.823361,"1084","45927815","189619","923584",śląskie,Bielsko-Biała,Bielsko-Biała,Bielsko-Biała,"6825",ul,Hutnicza,"21",49.823361,18.999297,"1",SDU non-penetrated,Mieszkalny - jednorodzinny, zamieszkały,B2C - Greenfield,NEW_OLT_Bielsko-Biała_2,Do zlecenia,30-11-2023,OK,./0.png
18.999348,49.823876,"1085","45927836","189622","923584",śląskie,Bielsko-Biała,Bielsko-Biała,Bielsko-Biała,"6825",ul,Hutnicza,"28",49.823876,18.999348,"3",MDU non-penetrated,Mieszkalny - wielorodzinny,B2C - Greenfield,NEW_OLT_Bielsko-Biała_2,Do zlecenia,,30-11-2023,OK,./0.png
18.999411,49.824123,"1086","45927843","189623","923584",śląskie,Bielsko-Biała,Bielsko-Biała,Bielsko-Biała,"6825",ul,Hutnicza,"30",49.824123,18.999411,"1",SDU non-penetrated,Mieszkalny - jednorodzinny, zamieszkały,B2C - Greenfield,NEW_OLT_Bielsko-Biała_2,Do zlecenia,30-11-2023,OK,./0.png
18.999089,49.824267,"1087","45927850","189624","923584",śląskie,Bielsko-Biała,Bielsko-Biała,Bielsko-Biała,"6825",ul,Hutnicza,"33",49.824267,18.999089,"2",SDU non-penetrated,Mieszkalny - jednorodzinny, zamieszkały,B2C - Greenfield,NEW_OLT_Bielsko-Biała_2,Do zlecenia,30-11-2023,OK,./0.png
18.999301,49.823564,"1088","45927892","6360967","923584",śląskie,Bielsko-Biała,Bielsko-Biała,Bielsko-Biała,"6825",ul,Hutnicza,"23",49.823564,18.999301,"1",SDU non-penetrated,Mieszkalny - jednorodzinny, zamieszkały,B2C - Greenfield,NEW_OLT_Bielsko-Biała_2,Do zlecenia,30-11-2023,OK,./0.png
19.016828,49.815131,"1101","45929596","189779","923584",śląskie,Bielsko-Biała,Bielsko-Biała,Bielsko-Biała,"7059",ul,Jagodowa,"4",49.815131,19.016828,"2",SDU non-penetrated,Mieszkalny - jednorodzinny, zamieszkały,B2C - Greenfield,NEW_OLT_Bielsko-Biała_2,Do zlecenia,30-11-2023,OK,./0.png
19.016,49.8153,"1220","45934569","6360980","923584",śląskie,Bielsko-Biała,Bielsko-Biała,Bielsko-Biała,"7506",ul,Jesionowa,"11",49.8153,19.016,"1",SDU non-penetrated,Mieszkalny - jednorodzinny, zamieszkały,B2C - Greenfield,NEW_OLT_Bielsko-Biała_2,Do zlecenia,30-11-2023,OK,./0.png
19.004879,49.821418,"1297","45938386","190663","923584",śląskie,Bielsko-Biała,Bielsko-Biała,Bielsko-Biała,"7876",ul,Kamieniołom,"11",49.821418,19.004879,"1",SDU non-penetrated,Mieszkalny - jednorodzinny, zamieszkały,B2C - Greenfield,NEW_OLT_Bielsko-Biała_2,Do zlecenia,30-11-2023,OK,./0.png
19.005476,49.821075,"1298","45938400","190665","923584",śląskie,Bielsko-Biała,Bielsko-Biała,Bielsko-Biała,"7876",ul,Kamieniołom,"17",49.821075,19.005476,"1",SDU non-penetrated,Mieszkalny - jednorodzinny, zamieszkały,B2C - Greenfield,NEW_OLT_Bielsko-Biała_2,Do zlecenia,30-11-2023,OK,./0.png
19.005982,49.82071,"1299","45938407","190666","923584",śląskie,Bielsko-Biała,Bielsko-Biała,Bielsko-Biała,"7876",ul,Kamieniołom,25A,49.82071,19.005982,"1",SDU non-penetrated,Mieszkalny - jednorodzinny, zamieszkały,B2C - Greenfield,NEW_OLT_Bielsko-Biała_2,Do zlecenia,30-11-2023,OK,./0.png
19.005296,49.820577,"1300","45938414","190667","923584",śląskie,Bielsko-Biała,Bielsko-Biała,Bielsko-Biała,"7876",ul,Kamieniołom,"27",49.820577,19.005296,"1",SDU non-penetrated,Mieszkalny - jednorodzinny, zamieszkały,B2C - Greenfield,NEW_OLT_Bielsko-Biała_2,Do zlecenia,30-11-2023,OK,./0.png
19.005122,49.819928,"1301","45938421","190668","923584",śląskie,Bielsko-Biała,Bielsko-Biała,Bielsko-Biała,"7876",ul,Kamieniołom,"30",49.819928,19.005122,"1",SDU non-penetrated,Mieszkalny - jednorodzinny, zamieszkały,B2C - Greenfield,NEW_OLT_Bielsko-Biała_2,Do zlecenia,30-11-2023,OK,./0.png
18.99903,49.823001,"1404","45943766","191170","923584",śląskie,Bielsko-Biała,Bielsko-Biała,Bielsko-Biała,"8427",ul,Kijowska,"7",49.823001,18.99903,"1",SDU non-penetrated,Mieszkalny - jednorodzinny, zamieszkały,B2C - Greenfield,NEW_OLT_Bielsko-Biała_2,Do zlecenia,30-11-2023,OK,./0.png
19.009986,49.81789,"1422","45944488","8340020","923584",śląskie,Bielsko-Biała,Bielsko-Biała,Bielsko-Biała,"8633",ul,Kłosowa,"15",49.81789,19.009986,"1",SDU non-penetrated,Mieszkalny - jednorodzinny, niezamieszkały,B2C - Greenfield,NEW_OLT_Bielsko-Biała_2,Do zlecenia,30-11-2023,OK,./0.png
19.011864,49.819023,"1423","45944495","8537288","923584",śląskie,Bielsko-Biała,Bielsko-Biała,Bielsko-Biała,"8633",ul,Kłosowa,"2",49.819023,19.011864,"1",SDU non-penetrated,Mieszkalny - jednorodzinny, niezamieszkały,B2C - Greenfield,NEW_OLT_Bielsko-Biała_2,Do zlecenia,30-11-2023,OK,./0.png
19.00523,49.821791,"1779","45970101","193698","923584",śląskie,Bielsko-Biała,Bielsko-Biała,Bielsko-Biała,"11507",ul,Łamana,"11",49.821791,19.00523,"2",SDU non-penetrated,Mieszkalny - jednorodzinny, zamieszkały,B2C - Greenfield,NEW_OLT_Bielsko-Biała_2,Do zlecenia,30-11-2023,OK,./0.png
19.005076,49.82167,"1780","45970115","193700","923584",śląskie,Bielsko-Biała,Bielsko-Biała,Bielsko-Biała,"11507",ul,Łamana,"13",49.82167,19.005076,"2",SDU non-penetrated,Mieszkalny - jednorodzinny, zamieszkały,B2C - Greenfield,NEW_OLT_Bielsko-Biała_2,Do zlecenia,30-11-2023,OK,./0.png
19.006109,49.82243,"1781","45970122","193701","923584",śląskie,Bielsko-Biała,Bielsko-Biała,Bielsko-Biała,"11507",ul,Łamana,"4",49.82243,19.006109,"2",SDU non-penetrated,Mieszkalny - jednorodzinny, zamieszkały,B2C - Greenfield,NEW_OLT_Bielsko-Biała_2,Do zlecenia,30-11-2023,OK,./0.png
19.005856,49.822245,"1782","45970136","193703","923584",śląskie,Bielsko-Biała,Bielsko-Biała,Bielsko-Biała,"11507",ul,Łamana,"6",49.822245,19.005856,"1",SDU non-penetrated,Mieszkalny - jednorodzinny, zamieszkały,B2C - Greenfield,NEW_OLT_Bielsko-Biała_2,Do zlecenia,30-11-2023,OK,./0.png
19.005762,49.822001,"1783","45970143","193704","923584",śląskie,Bielsko-Biała,Bielsko-Biała,Bielsko-Biała,"11507",ul,Łamana,"7",49.822001,19.005762,"1",SDU non-penetrated,Mieszkalny - jednorodzinny, zamieszkały,B2C - Greenfield,NEW_OLT_Bielsko-Biała_2,Do zlecenia,30-11-2023,OK,./0.png
19.005488,49.821922,"1784","45970150","193705","923584",śląskie,Bielsko-Biała,Bielsko-Biała,Bielsko-Biała,"11507",ul,Łamana,"9",49.821922,19.005488,"2",SDU non-penetrated,Mieszkalny - jednorodzinny, zamieszkały,B2C - Greenfield,NEW_OLT_Bielsko-Biała_2,Do zlecenia,30-11-2023,OK,./0.png
19.009656,49.826683,"2194","45990468","195717","923584",śląskie,Bielsko-Biała,Bielsko-Biała,Bielsko-Biała,"14902",ul,Okrętowa,"22",49.826683,19.009656,"2",SDU non-penetrated,Mieszkalny - jednorodzinny, zamieszkały,B2C - Greenfield,NEW_OLT_Bielsko-Biała_2,Do zlecenia,30-11-2023,OK,./0.png
19.008428,49.822375,"2387","46000753","196753","923584",śląskie,Bielsko-Biała,Bielsko-Biała,Bielsko-Biała,"16164",ul,Piesza,"12",49.822375,19.008428,"1",SDU non-penetrated,Mieszkalny - jednorodzinny, zamieszkały,B2C - Greenfield,NEW_OLT_Bielsko-Biała_2,Do zlecenia,30-11-2023,OK,./0.png
19.007979,49.822624,"2388","46000816","196762","923584",śląskie,Bielsko-Biała,Bielsko-Biała,Bielsko-Biała,"16164",ul,Piesza,8A,49.822624,19.007979,"1",SDU non-penetrated,Mieszkalny - jednorodzinny, niezamieszkały,B2C - Greenfield,NEW_OLT_Bielsko-Biała_2,Do zlecenia,30-11-2023,OK,./0.png
19.004583,49.823236,"2458","46004824","197154","923584",śląskie,Bielsko-Biała,Bielsko-Biała,Bielsko-Biała,"16754",ul,Podhajecka,"6",49.823236,19.004583,"1",SDU non-penetrated,Mieszkalny - jednorodzinny, niezamieszkały,B2C - Greenfield,NEW_OLT_Bielsko-Biała_2,Do zlecenia,30-11-2023,OK,./0.png
19.010462,49.819239,"2575","46013470","198016","923584",śląskie,Bielsko-Biała,Bielsko-Biała,Bielsko-Biała,"18049",ul,Pszenna,"20",49.819239,19.010462,"2",SDU non-penetrated,Mieszkalny - jednorodzinny, zamieszkały,B2C - Greenfield,NEW_OLT_Bielsko-Biała_2,Do zlecenia,30-11-2023,OK,./0.png
19.010071,49.81908,"2576","46013484","198018","923584",śląskie,Bielsko-Biała,Bielsko-Biała,Bielsko-Biała,"18049",ul,Pszenna,"22",49.81908,19.010071,"1",SDU non-penetrated,Mieszkalny - jednorodzinny, zamieszkały,B2C - Greenfield,NEW_OLT_Bielsko-Biała_2,Do zlecenia,30-11-2023,OK,./0.png
19.009939,49.819235,"2577","46013491","198019","923584",śląskie,Bielsko-Biała,Bielsko-Biała,Bielsko-Biała,"18049",ul,Pszenna,22A,49.819235,19.009939,"1",SDU non-penetrated,Mieszkalny - jednorodzinny, zamieszkały,B2C - Greenfield,NEW_OLT_Bielsko-Biała_2,Do zlecenia,30-11-2023,OK,./0.png
19.010268,49.818845,"2578","46013498","198020","923584",śląskie,Bielsko-Biała,Bielsko-Biała,Bielsko-Biała,"18049",ul,Pszenna,"23",49.818845,19.010268,"1",SDU non-penetrated,Mieszkalny - jednorodzinny, zamieszkały,B2C - Greenfield,NEW_OLT_Bielsko-Biała_2,Do zlecenia,30-11-2023,OK,./0.png
19.009873,49.818939,"2579","46013505","198021","923584",śląskie,Bielsko-Biała,Bielsko-Biała,Bielsko-Biała,"18049",ul,Pszenna,"24",49.818939,19.009873,"1",SDU non-penetrated,Mieszkalny - jednorodzinny, zamieszkały,B2C - Greenfield,NEW_OLT_Bielsko-Biała_2,Do zlecenia,30-11-2023,OK,./0.png
19.008935,49.824992,"2781","46026112","199240","923584",śląskie,Bielsko-Biała,Bielsko-Biała,Bielsko-Biała,"20427",ul,Sobieskiego,198A,49.824992,19.008935,"1",SDU non-penetrated,Mieszkalny - jednorodzinny, niezamieszkały,B2C - Greenfield,NEW_OLT_Bielsko-Biała_2,Do zlecenia,30-11-2023,OK,./0.png
19.007034,49.824148,"2782","46026133","199243","923584",śląskie,Bielsko-Biała,Bielsko-Biała,Bielsko-Biała,"20427",ul,Sobieskiego,"215",49.824148,19.007034,"1",SDU non-penetrated,Mieszkalny - jednorodzinny, zamieszkały,B2C - Greenfield,NEW_OLT_Bielsko-Biała_2,Do zlecenia,30-11-2023,OK,./0.png
19.005791,49.824354,"2783","46026147","199245","923584",śląskie,Bielsko-Biała,Bielsko-Biała,Bielsko-Biała,"20427",ul,Sobieskiego,"224",49.824354,19.005791,"1",SDU non-penetrated,Mieszkalny - jednorodzinny, zamieszkały,B2C - Greenfield,NEW_OLT_Bielsko-Biała_2,Do zlecenia,30-11-2023,OK,./0.png
19.005518,49.823787,"2784","46026154","199246","923584",śląskie,Bielsko-Biała,Bielsko-Biała,Bielsko-Biała,"20427",ul,Sobieskiego,"227",49.823787,19.005518,"1",SDU non-penetrated,Mieszkalny - jednorodzinny, zamieszkały,B2C - Greenfield,NEW_OLT_Bielsko-Biała_2,Do zlecenia,30-11-2023,OK,./0.png
19.005177,49.823713,"2785","46026161","199247","923584",śląskie,Bielsko-Biała,Bielsko-Biała,Bielsko-Biała,"20427",ul,Sobieskiego,"229",49.823713,19.005177,"1",SDU non-penetrated,Mieszkalny - jednorodzinny, zamieszkały,B2C - Greenfield,NEW_OLT_Bielsko-Biała_2,Do zlecenia,30-11-2023,OK,./0.png
19.004396,49.823554,"2786","46026175","199249","923584",śląskie,Bielsko-Biała,Bielsko-Biała,Bielsko-Biała,"20427",ul,Sobieskiego,"235",49.823554,19.004396,"2",SDU non-penetrated,Mieszkalny - jednorodzinny, zamieszkały,B2C - Greenfield,NEW_OLT_Bielsko-Biała_2,Do zlecenia,30-11-2023,OK,./0.png
19.004007,49.824072,"2787","46026182","199250","923584",śląskie,Bielsko-Biała,Bielsko-Biała,Bielsko-Biała,"20427",ul,Sobieskiego,"238",49.824072,19.004007,"1",SDU non-penetrated,Mieszkalny - jednorodzinny, zamieszkały,B2C - Greenfield,NEW_OLT_Bielsko-Biała_2,Do zlecenia,30-11-2023,OK,./0.png
19.003216,49.823711,"2788","46026196","199252","923584",śląskie,Bielsko-Biała,Bielsko-Biała,Bielsko-Biała,"20427",ul,Sobieskiego,"244",49.823711,19.003216,"2",SDU non-penetrated,Mieszkalny - jednorodzinny, zamieszkały,B2C - Greenfield,NEW_OLT_Bielsko-Biała_2,Do zlecenia,30-11-2023,OK,./0.png
19.003113,49.823242,"2789","46026203","199253","923584",śląskie,Bielsko-Biała,Bielsko-Biała,Bielsko-Biała,"20427",ul,Sobieskiego,"245",49.823242,19.003113,"1",SDU non-penetrated,Mieszkalny - jednorodzinny, zamieszkały,B2C - Greenfield,NEW_OLT_Bielsko-Biała_2,Do zlecenia,30-11-2023,OK,./0.png
19.002725,49.823138,"2790","46026210","199254","923584",śląskie,Bielsko-Biała,Bielsko-Biała,Bielsko-Biała,"20427",ul,Sobieskiego,"247",49.823138,19.002725,"1",SDU non-penetrated,Mieszkalny - jednorodzinny, zamieszkały,B2C - Greenfield,NEW_OLT_Bielsko-Biała_2,Do zlecenia,30-11-2023,OK,./0.png
19.00225,49.823441,"2791","46026224","199256","923584",śląskie,Bielsko-Biała,Bielsko-Biała,Bielsko-Biała,"20427",ul,Sobieskiego,"250",49.823441,19.00225,"1",SDU non-penetrated,Mieszkalny - jednorodzinny, zamieszkały,B2C - Greenfield,NEW_OLT_Bielsko-Biała_2,Do zlecenia,30-11-2023,OK,./0.png
19.002193,49.82353,"2792","46026231","199257","923584",śląskie,Bielsko-Biała,Bielsko-Biała,Bielsko-Biała,"20427",ul,Sobieskiego,250A,49.82353,19.002193,"1",SDU non-penetrated,Mieszkalny - jednorodzinny, zamieszkały,B2C - Greenfield,NEW_OLT_Bielsko-Biała_2,Do zlecenia,30-11-2023,OK,./0.png
19.002026,49.823381,"2793","46026238","199258","923584",śląskie,Bielsko-Biała,Bielsko-Biała,Bielsko-Biała,"20427",ul,Sobieskiego,"252",49.823381,19.002026,"2",SDU non-penetrated,Mieszkalny - jednorodzinny, zamieszkały,B2C - Greenfield,NEW_OLT_Bielsko-Biała_2,Do zlecenia,30-11-2023,OK,./0.png
19.002151,49.822961,"2794","46026245","199259","923584",śląskie,Bielsko-Biała,Bielsko-Biała,Bielsko-Biała,"20427",ul,Sobieskiego,"253",49.822961,19.002151,"1",SDU non-penetrated,Mieszkalny - jednorodzinny, zamieszkały,B2C - Greenfield,NEW_OLT_Bielsko-Biała_2,Do zlecenia,30-11-2023,OK,./0.png
19.002288,49.822566,"2795","46026252","199260","923584",śląskie,Bielsko-Biała,Bielsko-Biała,Bielsko-Biała,"20427",ul,Sobieskiego,255B,49.822566,19.002288,"1",SDU non-penetrated,Mieszkalny - jednorodzinny, zamieszkały,B2C - Greenfield,NEW_OLT_Bielsko-Biała_2,Do zlecenia,30-11-2023,OK,./0.png
19.001345,49.82272,"2796","46026266","199262","923584",śląskie,Bielsko-Biała,Bielsko-Biała,Bielsko-Biała,"20427",ul,Sobieskiego,257A,49.82272,19.001345,"1",SDU non-penetrated,Mieszkalny - jednorodzinny, niezamieszkały,B2C - Greenfield,NEW_OLT_Bielsko-Biała_2,Do zlecenia,30-11-2023,OK,./0.png
19.002045,49.823475,"2809","46027351","6361420","923584",śląskie,Bielsko-Biała,Bielsko-Biała,Bielsko-Biała,"20427",ul,Sobieskiego,252A,49.823475,19.002045,"1",SDU non-penetrated,Mieszkalny - jednorodzinny, zamieszkały,B2C - Greenfield,NEW_OLT_Bielsko-Biała_2,Do zlecenia,30-11-2023,OK,./0.png
19.004606,49.82421,"2810","46027526","7362680","923584",śląskie,Bielsko-Biała,Bielsko-Biała,Bielsko-Biała,"20427",ul,Sobieskiego,"234",49.82421,19.004606,"1",SDU non-penetrated,Mieszkalny - jednorodzinny, zamieszkały,B2C - Greenfield,NEW_OLT_Bielsko-Biała_2,Do zlecenia,30-11-2023,OK,./0.png
19.01086,49.819136,"2879","46034443","199974","923584",śląskie,Bielsko-Biała,Bielsko-Biała,Bielsko-Biała,"21381",ul,Strzelecka,"10",49.819136,19.01086,"1",SDU non-penetrated,Mieszkalny - jednorodzinny, zamieszkały,B2C - Greenfield,NEW_OLT_Bielsko-Biała_2,Do zlecenia,30-11-2023,OK,./0.png
19.011226,49.818232,"2880","46034450","199975","923584",śląskie,Bielsko-Biała,Bielsko-Biała,Bielsko-Biała,"21381",ul,Strzelecka,"3",49.818232,19.011226,"1",SDU non-penetrated,Mieszkalny - jednorodzinny, zamieszkały,B2C - Greenfield,NEW_OLT_Bielsko-Biała_2,Do zlecenia,30-11-2023,OK,./0.png
19.011357,49.818508,"2881","46034457","199976","923584",śląskie,Bielsko-Biała,Bielsko-Biała,Bielsko-Biała,"21381",ul,Strzelecka,"6",49.818508,19.011357,"1",SDU non-penetrated,Mieszkalny - jednorodzinny, zamieszkały,B2C - Greenfield,NEW_OLT_Bielsko-Biała_2,Do zlecenia,30-11-2023,OK,./0.png
19.010576,49.81897,"2882","46034464","199977","923584",śląskie,Bielsko-Biała,Bielsko-Biała,Bielsko-Biała,"21381",ul,Strzelecka,"9",49.81897,19.010576,"1",SDU non-penetrated,Mieszkalny - jednorodzinny, zamieszkały,B2C - Greenfield,NEW_OLT_Bielsko-Biała_2,Do zlecenia,30-11-2023,OK,./0.png
18.998131,49.823019,"2988","46038078","200357","923584",śląskie,Bielsko-Biała,Bielsko-Biała,Bielsko-Biała,"21952",ul,Szklana,10A,49.823019,18.998131,"1",SDU non-penetrated,Mieszkalny - jednorodzinny, zamieszkały,B2C - Greenfield,NEW_OLT_Bielsko-Biała_2,Do zlecenia,30-11-2023,OK,./0.png
19.003221,49.821274,"2990","46038884","200427","923584",śląskie,Bielsko-Biała,Bielsko-Biała,Bielsko-Biała,"22272",ul,Szynszyli,"7",49.821274,19.003221,"1",SDU non-penetrated,Mieszkalny - jednorodzinny, zamieszkały,B2C - Greenfield,NEW_OLT_Bielsko-Biała_2,Do zlecenia,30-11-2023,OK,./0.png
19.014563,49.815121,"3184","46050926","201641","923584",śląskie,Bielsko-Biała,Bielsko-Biała,Bielsko-Biała,"24412",ul,Wiśniowa,"23",49.815121,19.014563,"1",SDU non-penetrated,Mieszkalny - jednorodzinny, zamieszkały,B2C - Greenfield,NEW_OLT_Bielsko-Biała_2,Do zlecenia,30-11-2023,OK,./0.png
19.016874,49.816051,"3185","46050968","201647","923584",śląskie,Bielsko-Biała,Bielsko-Biała,Bielsko-Biała,"24412",ul,Wiśniowa,"5",49.816051,19.016874,"1",SDU non-penetrated,Mieszkalny - jednorodzinny, zamieszkały,B2C - Greenfield,NEW_OLT_Bielsko-Biała_2,Do zlecenia,30-11-2023,OK,./0.png
19.014957,49.813944,"3226","46052584","201817","923584",śląskie,Bielsko-Biała,Bielsko-Biała,Bielsko-Biała,"24550",ul,Wodna,"11",49.813944,19.014957,"1",SDU non-penetrated,Mieszkalny - jednorodzinny, zamieszkały,B2C - Greenfield,NEW_OLT_Bielsko-Biała_2,Do zlecenia,30-11-2023,OK,./0.png
19.008127,49.821113,"3227","46052591","201818","923584",śląskie,Bielsko-Biała,Bielsko-Biała,Bielsko-Biała,"24550",ul,Wodna,"110",49.821113,19.008127,"1",SDU non-penetrated,Mieszkalny - jednorodzinny, zamieszkały,B2C - Greenfield,NEW_OLT_Bielsko-Biała_2,Do zlecenia,30-11-2023,OK,./0.png
19.008373,49.821364,"3228","46052598","201819","923584",śląskie,Bielsko-Biała,Bielsko-Biała,Bielsko-Biała,"24550",ul,Wodna,110A,49.821364,19.008373,"1",SDU non-penetrated,Mieszkalny - jednorodzinny, zamieszkały,B2C - Greenfield,NEW_OLT_Bielsko-Biała_2,Do zlecenia,30-11-2023,OK,./0.png
19.007923,49.821367,"3229","46052605","201820","923584",śląskie,Bielsko-Biała,Bielsko-Biała,Bielsko-Biała,"24550",ul,Wodna,"112",49.821367,19.007923,"1",SDU non-penetrated,Mieszkalny - jednorodzinny, zamieszkały,B2C - Greenfield,NEW_OLT_Bielsko-Biała_2,Do zlecenia,30-11-2023,OK,./0.png
19.008199,49.821565,"3230","46052612","201821","923584",śląskie,Bielsko-Biała,Bielsko-Biała,Bielsko-Biała,"24550",ul,Wodna,114A,49.821565,19.008199,"1",SDU non-penetrated,Mieszkalny - jednorodzinny, zamieszkały,B2C - Greenfield,NEW_OLT_Bielsko-Biała_2,Do zlecenia,30-11-2023,OK,./0.png
19.00772,49.821642,"3231","46052619","201822","923584",śląskie,Bielsko-Biała,Bielsko-Biała,Bielsko-Biała,"24550",ul,Wodna,"116",49.821642,19.00772,"2",SDU non-penetrated,Mieszkalny - jednorodzinny, zamieszkały,B2C - Greenfield,NEW_OLT_Bielsko-Biała_2,Do zlecenia,30-11-2023,OK,./0.png
19.007621,49.821771,"3232","46052626","201823","923584",śląskie,Bielsko-Biała,Bielsko-Biała,Bielsko-Biała,"24550",ul,Wodna,"118",49.821771,19.007621,"2",SDU non-penetrated,Mieszkalny - jednorodzinny, zamieszkały,B2C - Greenfield,NEW_OLT_Bielsko-Biała_2,Do zlecenia,30-11-2023,OK,./0.png
19.00748,49.821952,"3233","46052633","201824","923584",śląskie,Bielsko-Biała,Bielsko-Biała,Bielsko-Biała,"24550",ul,Wodna,"120",49.821952,19.00748,"1",SDU non-penetrated,Mieszkalny - jednorodzinny, zamieszkały,B2C - Greenfield,NEW_OLT_Bielsko-Biała_2,Do zlecenia,30-11-2023,OK,./0.png
19.006901,49.822018,"3234","46052640","201825","923584",śląskie,Bielsko-Biała,Bielsko-Biała,Bielsko-Biała,"24550",ul,Wodna,"121",49.822018,19.006901,"1",SDU non-penetrated,Mieszkalny - jednorodzinny, zamieszkały,B2C - Greenfield,NEW_OLT_Bielsko-Biała_2,Do zlecenia,30-11-2023,OK,./0.png
19.007427,49.82214,"3235","46052647","201826","923584",śląskie,Bielsko-Biała,Bielsko-Biała,Bielsko-Biała,"24550",ul,Wodna,"122",49.82214,19.007427,"1",SDU non-penetrated,Mieszkalny - jednorodzinny, zamieszkały,B2C - Greenfield,NEW_OLT_Bielsko-Biała_2,Do zlecenia,30-11-2023,OK,./0.png
19.006775,49.822222,"3236","46052654","201827","923584",śląskie,Bielsko-Biała,Bielsko-Biała,Bielsko-Biała,"24550",ul,Wodna,"123",49.822222,19.006775,"2",SDU non-penetrated,Mieszkalny - jednorodzinny, zamieszkały,B2C - Greenfield,NEW_OLT_Bielsko-Biała_2,Do zlecenia,30-11-2023,OK,./0.png
19.007326,49.822328,"3237","46052661","201828","923584",śląskie,Bielsko-Biała,Bielsko-Biała,Bielsko-Biała,"24550",ul,Wodna,"124",49.822328,19.007326,"1",SDU non-penetrated,Mieszkalny - jednorodzinny, niezamieszkały,B2C - Greenfield,NEW_OLT_Bielsko-Biała_2,Do zlecenia,30-11-2023,OK,./0.png
19.00705,49.822503,"3238","46052668","201829","923584",śląskie,Bielsko-Biała,Bielsko-Biała,Bielsko-Biała,"24550",ul,Wodna,"126",49.822503,19.00705,"2",SDU non-penetrated,Mieszkalny - jednorodzinny, zamieszkały,B2C - Greenfield,NEW_OLT_Bielsko-Biała_2,Do zlecenia,30-11-2023,OK,./0.png
19.012662,49.81523,"3239","46052717","201836","923584",śląskie,Bielsko-Biała,Bielsko-Biała,Bielsko-Biała,"24550",ul,Wodna,"18",49.81523,19.012662,"1",SDU non-penetrated,Mieszkalny - jednorodzinny, zamieszkały,B2C - Greenfield,NEW_OLT_Bielsko-Biała_2,Do zlecenia,30-11-2023,OK,./0.png
19.012352,49.815129,"3240","46052794","201847","923584",śląskie,Bielsko-Biała,Bielsko-Biała,Bielsko-Biała,"24550",ul,Wodna,"35",49.815129,19.012352,"1",SDU non-penetrated,Mieszkalny - jednorodzinny, zamieszkały,B2C - Greenfield,NEW_OLT_Bielsko-Biała_2,Do zlecenia,30-11-2023,OK,./0.png
19.01503,49.814301,"3241","46052892","201861","923584",śląskie,Bielsko-Biała,Bielsko-Biała,Bielsko-Biała,"24550",ul,Wodna,"6",49.814301,19.01503,"1",SDU non-penetrated,Mieszkalny - jednorodzinny, zamieszkały,B2C - Greenfield,NEW_OLT_Bielsko-Biała_2,Do zlecenia,30-11-2023,OK,./0.png
19.009931,49.817178,"3242","46052913","201864","923584",śląskie,Bielsko-Biała,Bielsko-Biała,Bielsko-Biała,"24550",ul,Wodna,"63",49.817178,19.009931,"2",SDU non-penetrated,Mieszkalny - jednorodzinny, zamieszkały,B2C - Greenfield,NEW_OLT_Bielsko-Biała_2,Do zlecenia,30-11-2023,OK,./0.png
19.009509,49.817477,"3243","46052962","201871","923584",śląskie,Bielsko-Biała,Bielsko-Biała,Bielsko-Biała,"24550",ul,Wodna,"69",49.817477,19.009509,"3",MDU non-penetrated,Mieszkalny - wielorodzinny,B2C - Greenfield,NEW_OLT_Bielsko-Biała_2,Do zlecenia,,30-11-2023,OK,./0.png
19.015175,49.814035,"3244","46052983","6075314","923584",śląskie,Bielsko-Biała,Bielsko-Biała,Bielsko-Biała,"24550",ul,Wodna,"9",49.814035,19.015175,"1",SDU non-penetrated,Mieszkalny - jednorodzinny, zamieszkały,B2C - Greenfield,NEW_OLT_Bielsko-Biała_2,Do zlecenia,30-11-2023,OK,./0.png
19.008833,49.818631,"3245","46053018","6361563","923584",śląskie,Bielsko-Biała,Bielsko-Biała,Bielsko-Biała,"24550",ul,Wodna,"38",49.818631,19.008833,"1",SDU non-penetrated,Mieszkalny - jednorodzinny, zamieszkały,B2C - Greenfield,NEW_OLT_Bielsko-Biała_2,Do zlecenia,30-11-2023,OK,./0.png
19.008527,49.825061,"3248","46053493","201910","923584",śląskie,Bielsko-Biała,Bielsko-Biała,Bielsko-Biała,"24733",ul,Wołyńska,"15",49.825061,19.008527,"1",SDU non-penetrated,Mieszkalny - jednorodzinny, zamieszkały,B2C - Greenfield,NEW_OLT_Bielsko-Biała_2,Do zlecenia,30-11-2023,OK,./0.png
19.007101,49.825251,"3249","46053500","201911","923584",śląskie,Bielsko-Biała,Bielsko-Biała,Bielsko-Biała,"24733",ul,Wołyńska,"7",49.825251,19.007101,"1",SDU non-penetrated,Mieszkalny - jednorodzinny, zamieszkały,B2C - Greenfield,NEW_OLT_Bielsko-Biała_2,Do zlecenia,30-11-2023,OK,./0.png
19.007242,49.825061,"3250","46053507","201912","923584",śląskie,Bielsko-Biała,Bielsko-Biała,Bielsko-Biała,"24733",ul,Wołyńska,"9",49.825061,19.007242,"1",SDU non-penetrated,Mieszkalny - jednorodzinny, zamieszkały,B2C - Greenfield,NEW_OLT_Bielsko-Biała_2,Do zlecenia,30-11-2023,OK,./0.png
18.997541,49.819482,"3470","46061193","202704","923584",śląskie,Bielsko-Biała,Bielsko-Biała,Bielsko-Biała,"25624",ul,Zapłocie Duże,"117",49.819482,18.997541,"1",SDU non-penetrated,Mieszkalny - jednorodzinny, niezamieszkały,B2C - Greenfield,NEW_OLT_Bielsko-Biała_2,Do zlecenia,30-11-2023,OK,./0.png
19.007557,49.823823,"3471","46061760","202785","923584",śląskie,Bielsko-Biała,Bielsko-Biała,Bielsko-Biała,"25624",ul,Zapłocie Duże,36A,49.823823,19.007557,"1",SDU non-penetrated,Mieszkalny - jednorodzinny, zamieszkały,B2C - Greenfield,NEW_OLT_Bielsko-Biała_2,Do zlecenia,30-11-2023,OK,./0.png
19.004098,49.822482,"3472","46061858","202799","923584",śląskie,Bielsko-Biała,Bielsko-Biała,Bielsko-Biała,"25624",ul,Zapłocie Duże,"62",49.822482,19.004098,"1",SDU non-penetrated,Mieszkalny - jednorodzinny, zamieszkały,B2C - Greenfield,NEW_OLT_Bielsko-Biała_2,Do zlecenia,30-11-2023,OK,./0.png
19.003955,49.822035,"3473","46061872","202801","923584",śląskie,Bielsko-Biała,Bielsko-Biała,Bielsko-Biała,"25624",ul,Zapłocie Duże,"65",49.822035,19.003955,"1",SDU non-penetrated,Mieszkalny - jednorodzinny, zamieszkały,B2C - Greenfield,NEW_OLT_Bielsko-Biała_2,Do zlecenia,30-11-2023,OK,./0.png
19.004585,49.82526,"3474","46062916","202868","923584",śląskie,Bielsko-Biała,Bielsko-Biała,Bielsko-Biała,"25625",ul,Zapłocie Małe,"43",49.82526,19.004585,"1",SDU non-penetrated,Mieszkalny - jednorodzinny, zamieszkały,B2C - Greenfield,NEW_OLT_Bielsko-Biała_2,Do zlecenia,30-11-2023,OK,./0.png
19.004487,49.825535,"3475","46062930","202870","923584",śląskie,Bielsko-Biała,Bielsko-Biała,Bielsko-Biała,"25625",ul,Zapłocie Małe,"48",49.825535,19.004487,"1",SDU non-penetrated,Mieszkalny - jednorodzinny, zamieszkały,B2C - Greenfield,NEW_OLT_Bielsko-Biała_2,Do zlecenia,30-11-2023,OK,./0.png
19.003092,49.8253,"3476","46062993","202879","923584",śląskie,Bielsko-Biała,Bielsko-Biała,Bielsko-Biała,"25625",ul,Zapłocie Małe,"56",49.8253,19.003092,"1",SDU non-penetrated,Mieszkalny - jednorodzinny, zamieszkały,B2C - Greenfield,NEW_OLT_Bielsko-Biała_2,Do zlecenia,30-11-2023,OK,./0.png
19.002886,49.825259,"3477","46063007","202881","923584",śląskie,Bielsko-Biała,Bielsko-Biała,Bielsko-Biała,"25625",ul,Zapłocie Małe,"58",49.825259,19.002886,"2",SDU non-penetrated,Mieszkalny - jednorodzinny, zamieszkały,B2C - Greenfield,NEW_OLT_Bielsko-Biała_2,Do zlecenia,30-11-2023,OK,./0.png
19.00328,49.826055,"3478","46063021","202883","923584",śląskie,Bielsko-Biała,Bielsko-Biała,Bielsko-Biała,"25625",ul,Zapłocie Małe,58D,49.826055,19.00328,"1",SDU non-penetrated,Mieszkalny - jednorodzinny, zamieszkały,B2C - Greenfield,NEW_OLT_Bielsko-Biała_2,Do zlecenia,30-11-2023,OK,./0.png
19.003581,49.82661,"3479","46063028","202884","923584",śląskie,Bielsko-Biała,Bielsko-Biała,Bielsko-Biała,"25625",ul,Zapłocie Małe,58F,49.82661,19.003581,"3",MDU non-penetrated,Mieszkalny - wielorodzinny,B2C - Greenfield,NEW_OLT_Bielsko-Biała_2,Do zlecenia,,30-11-2023,OK,./0.png
19.002469,49.824794,"3480","46063035","202885","923584",śląskie,Bielsko-Biała,Bielsko-Biała,Bielsko-Biała,"25625",ul,Zapłocie Małe,"61",49.824794,19.002469,"1",SDU non-penetrated,Mieszkalny - jednorodzinny, zamieszkały,B2C - Greenfield,NEW_OLT_Bielsko-Biała_2,Do zlecenia,30-11-2023,OK,./0.png
19.002216,49.825124,"3481","46063042","202886","923584",śląskie,Bielsko-Biała,Bielsko-Biała,Bielsko-Biała,"25625",ul,Zapłocie Małe,"62",49.825124,19.002216,"1",SDU non-penetrated,Mieszkalny - jednorodzinny, zamieszkały,B2C - Greenfield,NEW_OLT_Bielsko-Biała_2,Do zlecenia,30-11-2023,OK,./0.png
19.001586,49.824532,"3482","46063056","202888","923584",śląskie,Bielsko-Biała,Bielsko-Biała,Bielsko-Biała,"25625",ul,Zapłocie Małe,"67",49.824532,19.001586,"1",SDU non-penetrated,Mieszkalny - jednorodzinny, zamieszkały,B2C - Greenfield,NEW_OLT_Bielsko-Biała_2,Do zlecenia,30-11-2023,OK,./0.png
19.001584,49.82452,"3483","46063063","202889","923584",śląskie,Bielsko-Biała,Bielsko-Biała,Bielsko-Biała,"25625",ul,Zapłocie Małe,67A,49.82452,19.001584,"1",SDU non-penetrated,Mieszkalny - jednorodzinny, niezamieszkały,B2C - Greenfield,NEW_OLT_Bielsko-Biała_2,Do zlecenia,30-11-2023,OK,./0.png
19.001422,49.824967,"3484","46063070","202890","923584",śląskie,Bielsko-Biała,Bielsko-Biała,Bielsko-Biała,"25625",ul,Zapłocie Małe,"68",49.824967,19.001422,"1",SDU non-penetrated,Mieszkalny - jednorodzinny, zamieszkały,B2C - Greenfield,NEW_OLT_Bielsko-Biała_2,Do zlecenia,30-11-2023,OK,./0.png
19.001176,49.824909,"3485","46063077","202891","923584",śląskie,Bielsko-Biała,Bielsko-Biała,Bielsko-Biała,"25625",ul,Zapłocie Małe,"70",49.824909,19.001176,"2",SDU non-penetrated,Mieszkalny - jednorodzinny, zamieszkały,B2C - Greenfield,NEW_OLT_Bielsko-Biała_2,Do zlecenia,30-11-2023,OK,./0.png
19.001079,49.824454,"3486","46063084","202892","923584",śląskie,Bielsko-Biała,Bielsko-Biała,Bielsko-Biała,"25625",ul,Zapłocie Małe,"71",49.824454,19.001079,"1",SDU non-penetrated,Mieszkalny - jednorodzinny, zamieszkały,B2C - Greenfield,NEW_OLT_Bielsko-Biała_2,Do zlecenia,30-11-2023,OK,./0.png
19.000245,49.824258,"3487","46063098","202894","923584",śląskie,Bielsko-Biała,Bielsko-Biała,Bielsko-Biała,"25625",ul,Zapłocie Małe,77A,49.824258,19.000245,"1",SDU non-penetrated,Mieszkalny - jednorodzinny, zamieszkały,B2C - Greenfield,NEW_OLT_Bielsko-Biała_2,Do zlecenia,30-11-2023,OK,./0.png
19.000225,49.825043,"3488","46063112","202896","923584",śląskie,Bielsko-Biała,Bielsko-Biała,Bielsko-Biała,"25625",ul,Zapłocie Małe,78A,49.825043,19.000225,"1",SDU non-penetrated,Mieszkalny - jednorodzinny, zamieszkały,B2C - Greenfield,NEW_OLT_Bielsko-Biała_2,Do zlecenia,30-11-2023,OK,./0.png
18.999004,49.824517,"3489","46063140","202900","923584",śląskie,Bielsko-Biała,Bielsko-Biała,Bielsko-Biała,"25625",ul,Zapłocie Małe,"88",49.824517,18.999004,"1",SDU non-penetrated,Mieszkalny - jednorodzinny, zamieszkały,B2C - Greenfield,NEW_OLT_Bielsko-Biała_2,Do zlecenia,30-11-2023,OK,./0.png
18.998579,49.824476,"3490","46063154","202902","923584",śląskie,Bielsko-Biała,Bielsko-Biała,Bielsko-Biała,"25625",ul,Zapłocie Małe,"90",49.824476,18.998579,"2",SDU non-penetrated,Mieszkalny - jednorodzinny, zamieszkały,B2C - Greenfield,NEW_OLT_Bielsko-Biała_2,Do zlecenia,30-11-2023,OK,./0.png
18.998342,49.825035,"3491","46063161","202903","923584",śląskie,Bielsko-Biała,Bielsko-Biała,Bielsko-Biała,"25625",ul,Zapłocie Małe,90B,49.825035,18.998342,"1",SDU non-penetrated,Mieszkalny - jednorodzinny, zamieszkały,B2C - Greenfield,NEW_OLT_Bielsko-Biała_2,Do zlecenia,30-11-2023,OK,./0.png
19.002492,49.825191,"3492","46063189","6361608","923584",śląskie,Bielsko-Biała,Bielsko-Biała,Bielsko-Biała,"25625",ul,Zapłocie Małe,"60",49.825191,19.002492,"1",SDU non-penetrated,Mieszkalny - jednorodzinny, zamieszkały,B2C - Greenfield,NEW_OLT_Bielsko-Biała_2,Do zlecenia,30-11-2023,OK,./0.png
18.997844,49.823972,"3493","46063301","8392503","923584",śląskie,Bielsko-Biała,Bielsko-Biała,Bielsko-Biała,"25625",ul,Zapłocie Małe,"97",49.823972,18.997844,"1",SDU non-penetrated,Mieszkalny - jednorodzinny, niezamieszkały,B2C - Greenfield,NEW_OLT_Bielsko-Biała_2,Do zlecenia,30-11-2023,OK,./0.png
19.000305,49.823697,"3496","46065038","203048","923584",śląskie,Bielsko-Biała,Bielsko-Biała,Bielsko-Biała,"25883",ul,Zbaraska,"12",49.823697,19.000305,"1",SDU non-penetrated,Mieszkalny - jednorodzinny, zamieszkały,B2C - Greenfield,NEW_OLT_Bielsko-Biała_2,Do zlecenia,30-11-2023,OK,./0.png
19.001321,49.82391,"3497","46065045","203049","923584",śląskie,Bielsko-Biała,Bielsko-Biała,Bielsko-Biała,"25883",ul,Zbaraska,"15",49.82391,19.001321,"1",SDU non-penetrated,Mieszkalny - jednorodzinny, zamieszkały,B2C - Greenfield,NEW_OLT_Bielsko-Biała_2,Do zlecenia,30-11-2023,OK,./0.png
19.000477,49.824039,"3498","46065059","203051","923584",śląskie,Bielsko-Biała,Bielsko-Biała,Bielsko-Biała,"25883",ul,Zbaraska,"4",49.824039,19.000477,"1",SDU non-penetrated,Mieszkalny - jednorodzinny, zamieszkały,B2C - Greenfield,NEW_OLT_Bielsko-Biała_2,Do zlecenia,30-11-2023,OK,./0.png
19.00117,49.824191,"3499","46065066","203052","923584",śląskie,Bielsko-Biała,Bielsko-Biała,Bielsko-Biała,"25883",ul,Zbaraska,"5",49.824191,19.00117,"1",SDU non-penetrated,Mieszkalny - jednorodzinny, zamieszkały,B2C - Greenfield,NEW_OLT_Bielsko-Biała_2,Do zlecenia,30-11-2023,OK,./0.png
19.005175,49.824506,"3676","46071682","203727","923584",śląskie,Bielsko-Biała,Bielsko-Biała,Bielsko-Biała,"26636",ul,Żytomierska,"10",49.824506,19.005175,"1",SDU non-penetrated,Mieszkalny - jednorodzinny, zamieszkały,B2C - Greenfield,NEW_OLT_Bielsko-Biała_2,Do zlecenia,30-11-2023,OK,./0.png
19.000094,49.819879,"3710","46074784","204009","923584",śląskie,Bielsko-Biała,Bielsko-Biała,Bielsko-Biała,"27341",ul,Jadwigi Śląskiej Św,"11",49.819879,19.000094,"1",SDU non-penetrated,Mieszkalny - jednorodzinny, zamieszkały,B2C - Greenfield,NEW_OLT_Bielsko-Biała_2,Do zlecenia,30-11-2023,OK,./0.png
19.000051,49.819506,"3711","46074791","204010","923584",śląskie,Bielsko-Biała,Bielsko-Biała,Bielsko-Biała,"27341",ul,Jadwigi Śląskiej Św,"13",49.819506,19.000051,"1",SDU non-penetrated,Mieszkalny - jednorodzinny, zamieszkały,B2C - Greenfield,NEW_OLT_Bielsko-Biała_2,Do zlecenia,30-11-2023,OK,./0.png
18.999867,49.819439,"3712","46074798","204011","923584",śląskie,Bielsko-Biała,Bielsko-Biała,Bielsko-Biała,"27341",ul,Jadwigi Śląskiej Św,"15",49.819439,18.999867,"1",SDU non-penetrated,Mieszkalny - jednorodzinny, zamieszkały,B2C - Greenfield,NEW_OLT_Bielsko-Biała_2,Do zlecenia,30-11-2023,OK,./0.png
18.999487,49.817197,"3713","46074826","204015","923584",śląskie,Bielsko-Biała,Bielsko-Biała,Bielsko-Biała,"27341",ul,Jadwigi Śląskiej Św,22B,49.817197,18.999487,"1",SDU non-penetrated,Mieszkalny - jednorodzinny, zamieszkały,B2C - Greenfield,NEW_OLT_Bielsko-Biała_2,Do zlecenia,30-11-2023,OK,./0.png
19.000434,49.818172,"3714","46074833","204016","923584",śląskie,Bielsko-Biała,Bielsko-Biała,Bielsko-Biała,"27341",ul,Jadwigi Śląskiej Św,"23",49.818172,19.000434,"1",SDU non-penetrated,Mieszkalny - jednorodzinny, zamieszkały,B2C - Greenfield,NEW_OLT_Bielsko-Biała_2,Do zlecenia,30-11-2023,OK,./0.png
19.000497,49.818024,"3715","46074840","204017","923584",śląskie,Bielsko-Biała,Bielsko-Biała,Bielsko-Biała,"27341",ul,Jadwigi Śląskiej Św,"25",49.818024,19.000497,"1",SDU non-penetrated,Mieszkalny - jednorodzinny, zamieszkały,B2C - Greenfield,NEW_OLT_Bielsko-Biała_2,Do zlecenia,30-11-2023,OK,./0.png
19.000703,49.817423,"3716","46074861","204020","923584",śląskie,Bielsko-Biała,Bielsko-Biała,Bielsko-Biała,"27341",ul,Jadwigi Śląskiej Św,"31",49.817423,19.000703,"1",SDU non-penetrated,Mieszkalny - jednorodzinny, zamieszkały,B2C - Greenfield,NEW_OLT_Bielsko-Biała_2,Do zlecenia,30-11-2023,OK,./0.png
19.000731,49.817312,"3717","46074868","204021","923584",śląskie,Bielsko-Biała,Bielsko-Biała,Bielsko-Biała,"27341",ul,Jadwigi Śląskiej Św,"33",49.817312,19.000731,"1",SDU non-penetrated,Mieszkalny - jednorodzinny, zamieszkały,B2C - Greenfield,NEW_OLT_Bielsko-Biała_2,Do zlecenia,30-11-2023,OK,./0.png
19.000879,49.816867,"3718","46074875","204022","923584",śląskie,Bielsko-Biała,Bielsko-Biała,Bielsko-Biała,"27341",ul,Jadwigi Śląskiej Św,"35",49.816867,19.000879,"1",SDU non-penetrated,Mieszkalny - jednorodzinny, zamieszkały,B2C - Greenfield,NEW_OLT_Bielsko-Biała_2,Do zlecenia,30-11-2023,OK,./0.png
19.00092,49.816722,"3719","46074882","204023","923584",śląskie,Bielsko-Biała,Bielsko-Biała,Bielsko-Biała,"27341",ul,Jadwigi Śląskiej Św,"37",49.816722,19.00092,"1",SDU non-penetrated,Mieszkalny - jednorodzinny, zamieszkały,B2C - Greenfield,NEW_OLT_Bielsko-Biała_2,Do zlecenia,30-11-2023,OK,./0.png
19.000958,49.816628,"3720","46074889","204024","923584",śląskie,Bielsko-Biała,Bielsko-Biała,Bielsko-Biała,"27341",ul,Jadwigi Śląskiej Św,"39",49.816628,19.000958,"1",SDU non-penetrated,Mieszkalny - jednorodzinny, zamieszkały,B2C - Greenfield,NEW_OLT_Bielsko-Biała_2,Do zlecenia,30-11-2023,OK,./0.png
19.001054,49.816259,"3721","46074917","204028","923584",śląskie,Bielsko-Biała,Bielsko-Biała,Bielsko-Biała,"27341",ul,Jadwigi Śląskiej Św,"45",49.816259,19.001054,"1",SDU non-penetrated,Mieszkalny - jednorodzinny, zamieszkały,B2C - Greenfield,NEW_OLT_Bielsko-Biała_2,Do zlecenia,30-11-2023,OK,./0.png
18.999825,49.820066,"3722","46074924","204029","923584",śląskie,Bielsko-Biała,Bielsko-Biała,Bielsko-Biała,"27341",ul,Jadwigi Śląskiej Św,"5",49.820066,18.999825,"1",SDU non-penetrated,Mieszkalny - jednorodzinny, zamieszkały,B2C - Greenfield,NEW_OLT_Bielsko-Biała_2,Do zlecenia,30-11-2023,OK,./0.png
18.999558,49.819976,"3723","46074931","204030","923584",śląskie,Bielsko-Biała,Bielsko-Biała,Bielsko-Biała,"27341",ul,Jadwigi Śląskiej Św,"7",49.819976,18.999558,"1",SDU non-penetrated,Mieszkalny - jednorodzinny, zamieszkały,B2C - Greenfield,NEW_OLT_Bielsko-Biała_2,Do zlecenia,30-11-2023,OK,./0.png
18.999533,49.817879,"3781","46076777","8225840","923584",śląskie,Bielsko-Biała,Bielsko-Biała,Bielsko-Biała,"27984",ul,Obfita,15A,49.817879,18.999533,"1",SDU non-penetrated,Mieszkalny - jednorodzinny, zamieszkały,B2C - Greenfield,NEW_OLT_Bielsko-Biała_2,Do zlecenia,30-11-2023,OK,./0.png
19.008818,49.824343,"3782","46076806","204194","923584",śląskie,Bielsko-Biała,Bielsko-Biała,Bielsko-Biała,"27985",ul,Kamieniec Podolski,10A,49.824343,19.008818,"1",SDU non-penetrated,Mieszkalny - jednorodzinny, zamieszkały,B2C - Greenfield,NEW_OLT_Bielsko-Biała_2,Do zlecenia,30-11-2023,OK,./0.png
19.00883,49.824268,"3783","46076813","204195","923584",śląskie,Bielsko-Biała,Bielsko-Biała,Bielsko-Biała,"27985",ul,Kamieniec Podolski,10B,49.824268,19.00883,"1",SDU non-penetrated,Mieszkalny - jednorodzinny, zamieszkały,B2C - Greenfield,NEW_OLT_Bielsko-Biała_2,Do zlecenia,30-11-2023,OK,./0.png
19.008672,49.824059,"3784","46076820","204196","923584",śląskie,Bielsko-Biała,Bielsko-Biała,Bielsko-Biała,"27985",ul,Kamieniec Podolski,"8",49.824059,19.008672,"1",SDU non-penetrated,Mieszkalny - jednorodzinny, zamieszkały,B2C - Greenfield,NEW_OLT_Bielsko-Biała_2,Do zlecenia,30-11-2023,OK,./0.png
19.008383,49.824126,"3785","46076841","7940975","923584",śląskie,Bielsko-Biała,Bielsko-Biała,Bielsko-Biała,"27985",ul,Kamieniec Podolski,"15",49.824126,19.008383,"1",SDU non-penetrated,Mieszkalny - jednorodzinny, niezamieszkały,B2C - Greenfield,NEW_OLT_Bielsko-Biała_2,Do zlecenia,30-11-2023,OK,./0.png
19.0142,49.8224,"3895","218380076","8823657","923584",śląskie,Bielsko-Biała,Bielsko-Biała,Bielsko-Biała,"2104",ul,Brodzińskiego,"51",49.8224,19.0142,"1",SDU non-penetrated,Mieszkalny - jednorodzinny, zamieszkały,B2C - Greenfield,NEW_OLT_Bielsko-Biała_2,Do zlecenia,30-11-2023,OK,./0.png
19.000701,49.819959,"3915","219132298","9021312","923584",śląskie,Bielsko-Biała,Bielsko-Biała,Bielsko-Biała,"3112",ul,Ciżemki,10B,49.819959,19.000701,"1",SDU non-penetrated,Mieszkalny - jednorodzinny, niezamieszkały,B2C - Greenfield,NEW_OLT_Bielsko-Biała_2,Do zlecenia,30-11-2023,OK,./0.png
19.000671,49.820005,"3920","219213254","9034302","923584",śląskie,Bielsko-Biała,Bielsko-Biała,Bielsko-Biała,"3112",ul,Ciżemki,10A,49.820005,19.000671,"1",SDU non-penetrated,Mieszkalny - jednorodzinny, niezamieszkały,B2C - Greenfield,NEW_OLT_Bielsko-Biała_2,Do zlecenia,30-11-2023,OK,./0.png
18.998907,49.819311,"3926","219260524","9041848","923584",śląskie,Bielsko-Biała,Bielsko-Biała,Bielsko-Biała,"27984",ul,Obfita,9E,49.819311,18.998907,"1",SDU non-penetrated,Mieszkalny - jednorodzinny, niezamieszkały,B2C - Greenfield,NEW_OLT_Bielsko-Biała_2,Do zlecenia,30-11-2023,OK,./0.png
18.999096,49.818819,"3934","219355311","9057054","923584",śląskie,Bielsko-Biała,Bielsko-Biała,Bielsko-Biała,"27984",ul,Obfita,11A,49.818819,18.999096,"1",SDU non-penetrated,Mieszkalny - jednorodzinny, zamieszkały,B2C - Greenfield,NEW_OLT_Bielsko-Biała_2,Do zlecenia,30-11-2023,OK,./0.png
18.998878,49.819362,"3938","219426546","9068490","923584",śląskie,Bielsko-Biała,Bielsko-Biała,Bielsko-Biała,"27984",ul,Obfita,9F,49.819362,18.998878,"1",SDU non-penetrated,Mieszkalny - jednorodzinny, zamieszkały,B2C - Greenfield,NEW_OLT_Bielsko-Biała_2,Do zlecenia,30-11-2023,OK,./0.png
18.993277,49.813295,"3982","224499021","9186891","923584",śląskie,Bielsko-Biała,Bielsko-Biała,Bielsko-Biała,"7759",ul,Kadłubka,69F,49.813295,18.993277,"1",SDU non-penetrated,Mieszkalny - jednorodzinny, niezamieszkały,B2C - Greenfield,NEW_OLT_Bielsko-Biała_2,Do zlecenia,30-11-2023,OK,./0.png
19.002558,49.822092,"4033","224781857","9687794","923584",śląskie,Bielsko-Biała,Bielsko-Biała,Bielsko-Biała,"25624",ul,Zapłocie Duże,74B,49.822092,19.002558,"1",SDU non-penetrated,Mieszkalny - jednorodzinny, niezamieszkały,B2C - Greenfield,NEW_OLT_Bielsko-Biała_2,Do zlecenia,30-11-2023,OK,./0.png
19.015702,49.815899,"4043","224960940","10049339","923584",śląskie,Bielsko-Biała,Bielsko-Biała,Bielsko-Biała,"7506",ul,Jesionowa,"12",49.815899,19.015702,"1",SDU non-penetrated,Mieszkalny - jednorodzinny, niezamieszkały,B2C - Greenfield,NEW_OLT_Bielsko-Biała_2,Do zlecenia,30-11-2023,NOK,./1.png
